transaction_id,vendor_id,transaction_date,amount,payment_status,flagged_anomaly
T000001,V0229,2026-06-23,5397.42,Paid,0
T000002,V0351,2026-06-26,844.63,Paid,0
T000003,V0422,2025-09-12,4145.52,Paid,0
T000004,V0190,2025-08-09,12714.11,Paid,0
T000005,V0336,2026-03-23,5835.12,Pending,1
T000006,V0266,2025-11-23,165.09,Paid,0
T000007,V0315,2025-09-24,9440.83,Disputed,0
T000008,V0045,2025-11-18,13882.48,Paid,0
T000009,V0266,2025-07-07,9053.94,Paid,0
T000010,V0425,2026-04-12,22673.92,Paid,0
T000011,V0311,2025-10-07,14437.91,Paid,1
T000012,V0287,2025-08-06,4971.77,Paid,0
T000013,V0132,2026-04-01,28830.84,Disputed,0
T000014,V0289,2026-03-04,71216.63,Paid,0
T000015,V0236,2026-04-26,26329.53,Paid,0
T000016,V0404,2025-10-20,8533.6,Disputed,0
T000017,V0265,2026-03-31,2523.44,Paid,0
T000018,V0039,2026-04-09,35574.72,Pending,0
T000019,V0138,2025-10-01,35071.52,Paid,0
T000020,V0447,2025-11-12,2031.73,Paid,0
T000021,V0080,2025-08-23,236877.06,Disputed,1
T000022,V0435,2026-03-03,3127.9,Pending,0
T000023,V0295,2025-11-17,1193.8,Paid,0
T000024,V0114,2026-04-21,747.99,Pending,0
T000025,V0017,2026-03-14,355.2,Paid,0
T000026,V0062,2026-06-22,26312.03,Paid,1
T000027,V0052,2025-12-13,443.23,Paid,0
T000028,V0138,2026-02-26,26276.85,Paid,0
T000029,V0215,2026-06-23,12758.95,Paid,0
T000030,V0293,2025-09-05,73341.79,Paid,0
T000031,V0439,2026-01-11,62158.25,Paid,1
T000032,V0458,2026-05-18,5688.33,Paid,0
T000033,V0288,2026-04-16,1753.5,Paid,0
T000034,V0050,2026-02-15,10868.27,Paid,0
T000035,V0415,2025-11-08,2600.96,Paid,0
T000036,V0311,2025-10-09,8326.32,Disputed,0
T000037,V0146,2025-12-28,2083.7,Paid,0
T000038,V0041,2026-01-11,8176.96,Pending,0
T000039,V0328,2025-12-19,3027.99,Pending,0
T000040,V0041,2025-09-20,2843.91,Paid,0
T000041,V0310,2026-05-26,525.47,Pending,0
T000042,V0383,2026-04-26,5385.52,Pending,0
T000043,V0065,2025-10-28,8299.69,Paid,0
T000044,V0033,2026-02-27,5538.48,Paid,0
T000045,V0043,2025-08-22,2501.39,Pending,0
T000046,V0159,2025-10-25,2105.83,Paid,0
T000047,V0430,2025-09-25,17723.07,Disputed,0
T000048,V0277,2025-11-16,5624.05,Paid,0
T000049,V0303,2026-05-01,3243.23,Paid,0
T000050,V0328,2026-05-23,11978.91,Paid,0
T000051,V0046,2026-02-11,2241.61,Paid,0
T000052,V0268,2025-09-07,13983.65,Pending,1
T000053,V0245,2025-11-30,620.24,Paid,0
T000054,V0004,2026-04-06,2933.99,Paid,0
T000055,V0084,2026-05-26,3209.73,Paid,0
T000056,V0123,2026-03-21,51146.59,Paid,0
T000057,V0415,2025-11-14,1178.87,Paid,0
T000058,V0327,2026-02-18,7247.93,Paid,0
T000059,V0010,2025-09-15,480.09,Paid,0
T000060,V0138,2025-09-02,32661.29,Paid,0
T000061,V0253,2025-10-19,2831.25,Disputed,0
T000062,V0238,2026-06-21,13975.4,Disputed,0
T000063,V0029,2025-11-13,10026.02,Paid,0
T000064,V0431,2025-11-05,352.32,Paid,0
T000065,V0018,2025-10-09,3259.22,Disputed,0
T000066,V0243,2026-01-15,9260.35,Paid,0
T000067,V0022,2026-04-07,5256.97,Paid,0
T000068,V0455,2025-07-26,15011.79,Paid,0
T000069,V0167,2025-07-07,1630.07,Paid,0
T000070,V0005,2025-07-21,9225.02,Paid,0
T000071,V0395,2025-08-14,1470.25,Paid,0
T000072,V0497,2026-05-16,953.83,Paid,0
T000073,V0055,2025-09-02,4709.17,Paid,0
T000074,V0178,2026-02-09,1693.94,Paid,0
T000075,V0362,2026-02-09,6701.06,Paid,0
T000076,V0279,2025-12-25,2215.89,Paid,0
T000077,V0441,2026-04-09,862.74,Paid,0
T000078,V0278,2026-01-03,3004.34,Paid,0
T000079,V0453,2025-07-09,7724.94,Paid,0
T000080,V0033,2026-06-02,468.08,Paid,0
T000081,V0145,2025-12-12,3570.57,Paid,0
T000082,V0023,2025-09-04,1529.27,Paid,0
T000083,V0199,2026-06-01,4608.01,Paid,0
T000084,V0114,2026-05-06,3974.07,Paid,0
T000085,V0456,2026-01-28,6388.97,Paid,0
T000086,V0111,2026-03-22,5398.17,Paid,0
T000087,V0321,2025-09-29,6751.79,Paid,0
T000088,V0296,2025-12-30,20109.14,Paid,0
T000089,V0406,2025-09-30,6262.17,Paid,0
T000090,V0308,2026-02-11,20118.8,Paid,0
T000091,V0166,2026-05-07,1248.26,Paid,0
T000092,V0382,2025-11-07,2659.79,Paid,0
T000093,V0018,2025-11-22,7917.15,Paid,0
T000094,V0154,2025-10-21,1808.5,Pending,0
T000095,V0422,2025-11-18,38546.7,Paid,0
T000096,V0049,2025-07-19,4390.56,Pending,0
T000097,V0128,2025-10-27,2128.77,Paid,0
T000098,V0112,2025-08-08,65704.06,Paid,0
T000099,V0354,2026-06-24,35692.38,Paid,0
T000100,V0375,2026-04-21,1347.66,Paid,0
T000101,V0451,2026-02-07,1078.21,Paid,0
T000102,V0335,2026-05-04,6875.11,Paid,0
T000103,V0290,2025-09-14,1241.26,Paid,0
T000104,V0202,2026-02-13,20531.08,Paid,0
T000105,V0403,2026-01-17,1375.42,Paid,0
T000106,V0281,2026-01-20,1904.3,Paid,0
T000107,V0391,2025-09-07,4641.82,Paid,0
T000108,V0288,2026-05-11,2114.4,Paid,0
T000109,V0295,2025-08-14,1005.33,Paid,0
T000110,V0177,2026-04-30,24849.61,Paid,0
T000111,V0421,2026-02-11,8339.38,Paid,0
T000112,V0351,2026-01-07,234.39,Paid,0
T000113,V0125,2026-05-13,8297.62,Paid,0
T000114,V0108,2026-04-01,1068.86,Paid,0
T000115,V0319,2025-09-10,20176.69,Pending,0
T000116,V0270,2025-07-22,2630.97,Paid,0
T000117,V0139,2025-07-27,1058.9,Paid,0
T000118,V0340,2026-06-02,3373.42,Pending,0
T000119,V0198,2025-10-26,51262.96,Pending,0
T000120,V0249,2026-05-01,5394.68,Paid,0
T000121,V0475,2026-06-29,5464.4,Paid,0
T000122,V0178,2026-06-15,1902.59,Disputed,0
T000123,V0257,2025-11-18,36380.58,Pending,0
T000124,V0418,2025-07-15,1805.67,Paid,0
T000125,V0374,2026-01-11,5736.06,Paid,0
T000126,V0214,2025-10-31,6669.3,Paid,0
T000127,V0230,2026-04-03,385.75,Paid,0
T000128,V0104,2025-09-08,1037.16,Paid,0
T000129,V0466,2025-09-12,11640.95,Paid,0
T000130,V0273,2025-08-29,24100.66,Paid,0
T000131,V0327,2025-11-17,1755.73,Paid,0
T000132,V0314,2026-05-11,1348.46,Paid,0
T000133,V0352,2025-07-13,1662.57,Paid,0
T000134,V0310,2026-02-25,11085.45,Paid,0
T000135,V0071,2025-09-21,1916.58,Disputed,0
T000136,V0388,2025-10-12,4742.03,Paid,0
T000137,V0208,2025-07-21,21495.37,Paid,0
T000138,V0481,2026-04-18,7899.38,Paid,0
T000139,V0267,2025-08-24,2510.31,Disputed,0
T000140,V0266,2026-04-01,1907.02,Paid,0
T000141,V0323,2025-07-25,1300.99,Paid,0
T000142,V0147,2026-02-21,1579.32,Paid,0
T000143,V0463,2025-09-10,3838.47,Paid,0
T000144,V0093,2026-04-25,1103.69,Paid,0
T000145,V0303,2026-06-29,1145.73,Paid,0
T000146,V0084,2025-09-01,6988.62,Paid,0
T000147,V0500,2026-03-18,6770.98,Paid,0
T000148,V0088,2025-12-18,7800.87,Pending,0
T000149,V0092,2026-06-29,1035.44,Disputed,0
T000150,V0148,2026-05-16,4859.23,Paid,0
T000151,V0253,2025-10-29,667.22,Paid,0
T000152,V0308,2026-05-03,1170.26,Paid,0
T000153,V0095,2025-09-13,951.89,Paid,0
T000154,V0296,2026-05-04,766.87,Paid,0
T000155,V0313,2026-06-03,15300.35,Paid,0
T000156,V0234,2026-04-22,3469.37,Paid,0
T000157,V0460,2026-01-10,118693.08,Paid,0
T000158,V0242,2025-09-06,2441.32,Paid,0
T000159,V0030,2025-08-24,5303.93,Paid,0
T000160,V0404,2026-06-26,1330.49,Paid,0
T000161,V0320,2025-12-28,70227.79,Paid,0
T000162,V0255,2026-03-09,1988.72,Paid,0
T000163,V0239,2026-05-16,74207.61,Paid,0
T000164,V0213,2026-01-27,917.36,Paid,0
T000165,V0328,2025-10-11,9064.31,Paid,0
T000166,V0282,2025-12-12,10134.79,Paid,0
T000167,V0292,2026-05-11,34442.85,Paid,0
T000168,V0070,2026-03-03,1059.46,Pending,0
T000169,V0237,2026-01-27,5521.11,Paid,0
T000170,V0010,2025-10-14,6490.92,Paid,0
T000171,V0034,2025-09-14,33418.42,Paid,0
T000172,V0443,2025-12-04,10088.75,Paid,0
T000173,V0255,2025-10-29,805.55,Paid,0
T000174,V0090,2025-08-26,3590.92,Paid,0
T000175,V0260,2025-07-12,1395.44,Pending,0
T000176,V0159,2025-12-14,8017.47,Paid,0
T000177,V0366,2026-03-24,1288.08,Paid,0
T000178,V0447,2025-08-13,132.53,Paid,0
T000179,V0382,2025-12-06,7495.43,Paid,0
T000180,V0273,2025-12-10,36030.79,Paid,0
T000181,V0059,2025-07-07,59843.78,Paid,0
T000182,V0282,2025-12-10,27289.76,Paid,0
T000183,V0457,2025-12-20,31096.85,Paid,1
T000184,V0197,2025-07-27,958.43,Pending,0
T000185,V0323,2026-06-18,17119.3,Paid,0
T000186,V0366,2026-06-08,5881.04,Paid,0
T000187,V0050,2026-02-18,1365.55,Paid,0
T000188,V0486,2025-10-22,1972.63,Pending,0
T000189,V0170,2025-12-13,4377.78,Paid,0
T000190,V0237,2025-09-25,2202.07,Paid,0
T000191,V0208,2026-06-30,14147.11,Paid,0
T000192,V0273,2026-02-21,3274.37,Paid,0
T000193,V0499,2026-03-03,3218.76,Paid,0
T000194,V0402,2026-02-07,6281.72,Paid,0
T000195,V0343,2025-08-08,36153.85,Paid,0
T000196,V0306,2026-02-22,3087.81,Paid,0
T000197,V0208,2025-08-04,10408.68,Paid,0
T000198,V0168,2026-03-10,7122.67,Paid,0
T000199,V0298,2026-05-21,105170.57,Paid,0
T000200,V0150,2026-01-15,8120.02,Pending,0
T000201,V0154,2026-04-17,44629.87,Pending,0
T000202,V0368,2025-12-23,8492.56,Pending,0
T000203,V0032,2026-01-05,3293.93,Paid,0
T000204,V0208,2026-01-11,4034.6,Paid,0
T000205,V0285,2026-01-12,17836.31,Paid,0
T000206,V0447,2026-06-08,7452.79,Paid,0
T000207,V0500,2025-09-07,302.39,Paid,0
T000208,V0404,2026-06-21,7606.29,Paid,0
T000209,V0283,2026-02-15,3437.11,Paid,0
T000210,V0256,2025-10-29,9869.49,Paid,0
T000211,V0018,2025-07-19,8557.97,Paid,0
T000212,V0354,2025-08-09,200.52,Disputed,0
T000213,V0399,2025-11-20,4485.65,Paid,0
T000214,V0242,2026-05-18,309.1,Paid,0
T000215,V0028,2025-12-22,5351.1,Pending,0
T000216,V0294,2025-12-16,39.95,Paid,0
T000217,V0019,2026-06-20,17144.78,Paid,0
T000218,V0087,2026-04-19,35410.68,Paid,0
T000219,V0259,2025-08-08,15817.0,Paid,0
T000220,V0440,2025-11-08,724.63,Paid,0
T000221,V0414,2025-09-27,723.2,Paid,0
T000222,V0442,2025-07-16,3254.42,Pending,0
T000223,V0079,2026-03-10,13823.06,Paid,0
T000224,V0372,2026-05-22,740.62,Paid,0
T000225,V0136,2025-08-28,661.73,Paid,0
T000226,V0486,2026-03-29,651.22,Paid,0
T000227,V0272,2026-02-07,3353.22,Paid,0
T000228,V0022,2025-08-18,78195.49,Paid,0
T000229,V0471,2026-05-29,17929.22,Paid,0
T000230,V0336,2026-04-25,1552.47,Paid,0
T000231,V0302,2025-10-07,5702.67,Paid,0
T000232,V0006,2026-06-09,3136.92,Paid,0
T000233,V0372,2025-11-22,6661.21,Pending,0
T000234,V0112,2026-05-02,15306.64,Pending,0
T000235,V0067,2026-01-08,209469.57,Disputed,0
T000236,V0459,2025-08-25,9221.97,Pending,0
T000237,V0328,2026-02-17,19989.43,Pending,0
T000238,V0395,2025-12-12,344.47,Paid,0
T000239,V0199,2025-12-17,12257.22,Disputed,0
T000240,V0103,2026-05-08,2374.71,Paid,0
T000241,V0221,2025-10-19,6675.88,Paid,0
T000242,V0018,2025-08-06,15060.72,Paid,1
T000243,V0078,2026-06-23,12864.62,Paid,1
T000244,V0245,2026-02-08,2105.44,Paid,0
T000245,V0116,2025-07-01,2011.62,Paid,0
T000246,V0275,2025-12-30,2768.9,Disputed,0
T000247,V0332,2025-08-15,541.85,Paid,0
T000248,V0390,2025-11-25,7563.57,Paid,0
T000249,V0098,2025-11-30,8019.28,Paid,0
T000250,V0377,2025-10-05,1682.94,Paid,0
T000251,V0251,2026-01-15,500.48,Paid,0
T000252,V0428,2026-02-15,2744.0,Paid,0
T000253,V0109,2026-05-30,10320.92,Pending,0
T000254,V0077,2026-04-22,2462.47,Paid,0
T000255,V0010,2026-02-26,63738.33,Paid,0
T000256,V0008,2025-09-26,138967.78,Paid,0
T000257,V0313,2025-09-25,11623.25,Paid,0
T000258,V0033,2025-10-11,1919.33,Paid,0
T000259,V0167,2025-08-30,97317.84,Paid,0
T000260,V0062,2025-11-17,1126.3,Paid,0
T000261,V0225,2025-11-01,73862.77,Paid,1
T000262,V0092,2025-08-14,16683.74,Paid,0
T000263,V0406,2026-02-28,8795.31,Paid,0
T000264,V0211,2025-10-30,73248.73,Paid,0
T000265,V0256,2026-05-09,51580.71,Paid,1
T000266,V0272,2025-08-17,39368.11,Paid,0
T000267,V0238,2026-05-16,8340.27,Paid,0
T000268,V0351,2026-02-27,4879.98,Paid,0
T000269,V0187,2025-11-22,1935.84,Pending,0
T000270,V0233,2025-07-22,24848.16,Paid,1
T000271,V0121,2026-02-12,6838.6,Paid,0
T000272,V0167,2025-10-25,13283.77,Paid,0
T000273,V0446,2025-10-10,3349.01,Paid,0
T000274,V0456,2026-02-08,4119.8,Paid,0
T000275,V0324,2025-12-30,268.02,Paid,0
T000276,V0437,2026-02-23,4358.87,Pending,0
T000277,V0310,2025-09-18,33558.15,Paid,0
T000278,V0497,2026-04-09,26331.07,Paid,0
T000279,V0429,2026-02-21,689.19,Paid,0
T000280,V0168,2026-02-07,28690.34,Paid,0
T000281,V0294,2025-07-02,3997.29,Paid,0
T000282,V0259,2025-07-17,3660.53,Paid,0
T000283,V0051,2026-02-16,4854.44,Paid,0
T000284,V0209,2025-10-19,1404.37,Paid,0
T000285,V0246,2026-06-07,1012.48,Paid,0
T000286,V0013,2026-02-17,4442.42,Paid,0
T000287,V0447,2026-01-05,67113.4,Paid,1
T000288,V0354,2025-12-17,5462.03,Paid,0
T000289,V0314,2026-04-03,6172.67,Paid,0
T000290,V0172,2025-07-28,7282.84,Paid,0
T000291,V0197,2026-01-03,4506.34,Paid,0
T000292,V0361,2025-08-03,9362.59,Paid,0
T000293,V0277,2025-08-27,19206.45,Pending,0
T000294,V0360,2025-10-15,62502.14,Pending,0
T000295,V0258,2026-06-13,4040.95,Paid,0
T000296,V0257,2026-03-26,21892.28,Paid,0
T000297,V0461,2025-11-26,4094.77,Paid,0
T000298,V0482,2025-08-02,966.13,Disputed,0
T000299,V0040,2025-08-24,1984.82,Paid,0
T000300,V0105,2026-03-23,2614.51,Paid,0
T000301,V0216,2026-02-12,5276.17,Paid,0
T000302,V0403,2025-12-14,4449.02,Paid,0
T000303,V0235,2025-12-02,24050.89,Paid,0
T000304,V0117,2026-03-04,3190.1,Paid,0
T000305,V0146,2026-02-18,851.31,Paid,0
T000306,V0363,2026-06-19,1956.1,Paid,0
T000307,V0226,2025-11-10,3314.94,Paid,0
T000308,V0177,2025-09-13,2531.73,Paid,0
T000309,V0472,2025-07-12,3109.14,Paid,0
T000310,V0164,2025-09-17,27123.2,Paid,0
T000311,V0149,2026-04-19,36310.63,Pending,0
T000312,V0174,2026-06-17,822.95,Paid,0
T000313,V0060,2025-12-04,1728.25,Paid,0
T000314,V0100,2026-04-24,6570.02,Paid,0
T000315,V0043,2026-04-01,66100.67,Disputed,0
T000316,V0202,2025-10-07,4639.18,Paid,0
T000317,V0342,2025-12-31,2066.84,Paid,0
T000318,V0007,2025-11-22,2868.93,Paid,0
T000319,V0111,2026-02-12,13261.7,Paid,0
T000320,V0373,2026-02-02,12547.25,Paid,0
T000321,V0074,2025-10-14,5385.34,Paid,0
T000322,V0193,2025-08-14,2540.72,Paid,0
T000323,V0469,2025-09-08,1821.44,Paid,0
T000324,V0300,2025-12-02,4654.24,Paid,0
T000325,V0079,2025-11-11,1293.07,Paid,0
T000326,V0341,2025-11-24,3322.32,Paid,0
T000327,V0062,2025-11-18,2784.35,Paid,0
T000328,V0247,2026-04-15,3996.16,Disputed,0
T000329,V0419,2025-08-30,5936.99,Paid,1
T000330,V0075,2025-12-10,3622.63,Paid,0
T000331,V0185,2026-01-30,1064.05,Paid,0
T000332,V0100,2026-05-17,2121.42,Paid,0
T000333,V0447,2025-12-08,59374.29,Paid,0
T000334,V0353,2026-01-01,487.14,Paid,0
T000335,V0266,2025-11-21,2718.7,Pending,0
T000336,V0053,2025-10-19,1693.92,Pending,0
T000337,V0315,2026-06-18,26318.92,Paid,0
T000338,V0388,2025-08-27,462.14,Paid,0
T000339,V0009,2026-03-02,1510.2,Paid,0
T000340,V0306,2026-03-24,12863.94,Paid,0
T000341,V0418,2025-08-29,1618.75,Paid,0
T000342,V0041,2026-02-02,41028.81,Paid,0
T000343,V0388,2026-02-05,20882.87,Paid,0
T000344,V0130,2025-07-22,81568.39,Paid,0
T000345,V0462,2025-10-10,1529.23,Paid,0
T000346,V0483,2025-11-19,25662.25,Paid,0
T000347,V0374,2026-05-09,1161.16,Paid,0
T000348,V0008,2026-03-27,2120.19,Pending,0
T000349,V0276,2025-07-02,1229.86,Paid,0
T000350,V0302,2025-10-02,159.24,Paid,0
T000351,V0195,2026-02-02,2021.51,Disputed,0
T000352,V0064,2026-02-23,41495.99,Paid,0
T000353,V0168,2026-03-09,1355.17,Paid,0
T000354,V0500,2026-02-12,1618.44,Paid,0
T000355,V0439,2025-08-04,130752.0,Paid,1
T000356,V0203,2026-02-09,5815.37,Paid,0
T000357,V0356,2026-04-28,15272.49,Paid,0
T000358,V0103,2026-04-30,19673.54,Paid,0
T000359,V0256,2025-11-19,74437.6,Paid,0
T000360,V0411,2026-05-25,25673.56,Disputed,0
T000361,V0249,2026-03-18,498.2,Paid,0
T000362,V0255,2025-10-26,7018.26,Paid,0
T000363,V0035,2026-03-12,2041.2,Paid,0
T000364,V0050,2025-08-08,11002.75,Paid,0
T000365,V0151,2026-06-03,4864.94,Paid,0
T000366,V0277,2026-04-05,931.21,Paid,0
T000367,V0019,2025-07-16,503.39,Pending,0
T000368,V0085,2026-03-08,3857.8,Paid,0
T000369,V0292,2026-06-10,4671.13,Paid,0
T000370,V0288,2025-09-18,5046.15,Disputed,0
T000371,V0316,2026-06-11,3153.79,Paid,0
T000372,V0179,2026-04-24,3221.56,Paid,0
T000373,V0180,2025-07-28,8223.11,Paid,0
T000374,V0467,2026-06-17,1095.18,Paid,0
T000375,V0167,2025-07-19,2472.18,Pending,0
T000376,V0137,2025-07-10,15402.77,Paid,0
T000377,V0200,2025-12-12,12196.89,Paid,0
T000378,V0173,2026-03-11,5055.76,Paid,0
T000379,V0187,2026-02-08,688.94,Paid,0
T000380,V0436,2026-03-31,1930.45,Paid,0
T000381,V0412,2025-10-23,16976.88,Paid,0
T000382,V0291,2026-03-28,4558.9,Paid,0
T000383,V0155,2026-03-15,17819.31,Paid,0
T000384,V0206,2025-11-05,8509.29,Paid,0
T000385,V0010,2026-05-17,172311.72,Paid,0
T000386,V0493,2026-02-24,1054.32,Pending,0
T000387,V0465,2026-02-07,1309.78,Paid,0
T000388,V0383,2026-06-15,1051.99,Paid,0
T000389,V0434,2026-01-27,2241.43,Paid,0
T000390,V0121,2026-01-23,12655.58,Paid,1
T000391,V0249,2026-04-12,37854.95,Paid,0
T000392,V0140,2025-09-07,1498.26,Paid,0
T000393,V0370,2026-03-05,19692.71,Paid,0
T000394,V0490,2026-01-24,89538.19,Paid,0
T000395,V0430,2025-09-09,1121.4,Paid,0
T000396,V0341,2026-04-23,2400.16,Paid,0
T000397,V0300,2026-01-15,86585.08,Paid,0
T000398,V0055,2025-09-27,1907.42,Pending,0
T000399,V0029,2026-03-08,6422.82,Paid,0
T000400,V0244,2026-06-14,2114.41,Paid,0
T000401,V0244,2026-01-04,55715.96,Paid,0
T000402,V0404,2026-06-08,1214.54,Disputed,0
T000403,V0186,2026-06-15,20022.96,Paid,0
T000404,V0470,2025-11-07,11818.39,Paid,0
T000405,V0225,2026-05-19,474.1,Paid,0
T000406,V0141,2025-08-10,4366.54,Paid,0
T000407,V0449,2025-08-20,65121.74,Paid,0
T000408,V0309,2026-04-06,44088.54,Paid,1
T000409,V0323,2026-02-12,11037.56,Paid,0
T000410,V0161,2026-04-20,17956.96,Paid,0
T000411,V0434,2026-04-30,42256.14,Paid,0
T000412,V0377,2025-09-06,781.24,Paid,0
T000413,V0102,2025-08-12,3823.75,Pending,0
T000414,V0453,2026-04-18,128633.36,Paid,0
T000415,V0360,2025-09-24,6525.14,Paid,0
T000416,V0291,2025-08-29,23243.75,Paid,0
T000417,V0485,2025-11-13,1795.83,Pending,0
T000418,V0308,2025-10-18,10215.08,Paid,0
T000419,V0149,2025-11-11,1545.13,Paid,0
T000420,V0332,2026-02-19,754.98,Disputed,0
T000421,V0204,2026-06-16,1601.79,Paid,0
T000422,V0038,2025-08-17,5678.4,Paid,0
T000423,V0182,2026-05-06,12545.54,Paid,0
T000424,V0318,2026-01-11,2244.83,Disputed,0
T000425,V0287,2025-07-21,6382.6,Pending,0
T000426,V0450,2026-02-24,1346.23,Paid,0
T000427,V0060,2025-12-07,15329.69,Paid,0
T000428,V0458,2025-09-22,10364.53,Paid,0
T000429,V0409,2026-02-10,693.31,Disputed,0
T000430,V0475,2026-03-10,885.4,Paid,0
T000431,V0253,2025-08-26,14461.17,Paid,0
T000432,V0140,2026-04-14,47378.86,Disputed,0
T000433,V0270,2026-04-18,1458.64,Paid,0
T000434,V0146,2026-06-13,67.62,Paid,0
T000435,V0015,2025-08-10,3544.81,Paid,0
T000436,V0138,2026-04-30,8655.23,Paid,0
T000437,V0232,2025-12-13,13494.88,Paid,0
T000438,V0281,2026-05-04,3059.85,Disputed,0
T000439,V0444,2026-01-20,609.43,Paid,0
T000440,V0252,2026-02-06,56706.45,Paid,0
T000441,V0189,2026-03-19,1339.66,Paid,0
T000442,V0308,2026-02-01,893.98,Paid,0
T000443,V0323,2026-02-03,659.27,Paid,0
T000444,V0332,2026-06-16,5917.78,Paid,0
T000445,V0041,2026-03-01,9253.53,Paid,0
T000446,V0292,2025-07-24,21611.74,Paid,0
T000447,V0212,2025-08-17,3628.23,Paid,0
T000448,V0300,2025-08-10,14406.99,Paid,0
T000449,V0024,2025-08-11,2488.9,Paid,0
T000450,V0388,2026-06-08,2629.2,Pending,0
T000451,V0415,2025-10-03,2315.02,Paid,0
T000452,V0345,2025-08-23,4180.15,Paid,0
T000453,V0336,2026-03-01,4184.62,Paid,0
T000454,V0372,2026-03-06,389.73,Paid,0
T000455,V0494,2026-06-18,42306.69,Paid,0
T000456,V0098,2025-08-26,59668.51,Paid,0
T000457,V0247,2026-05-28,1597.17,Pending,0
T000458,V0276,2025-10-05,1139.5,Pending,0
T000459,V0379,2026-06-24,16556.97,Paid,1
T000460,V0151,2026-04-17,18048.82,Paid,0
T000461,V0434,2026-06-30,3713.11,Paid,0
T000462,V0375,2026-04-09,2995.58,Pending,0
T000463,V0464,2026-03-06,11710.61,Paid,1
T000464,V0138,2026-05-27,3368.16,Pending,0
T000465,V0178,2026-02-14,2616.82,Paid,0
T000466,V0113,2026-04-26,21735.4,Paid,0
T000467,V0337,2026-02-24,1402.93,Disputed,0
T000468,V0427,2026-06-09,8712.54,Disputed,0
T000469,V0083,2026-05-14,505.97,Paid,0
T000470,V0089,2025-10-10,967.31,Pending,0
T000471,V0253,2025-12-02,1167.15,Paid,0
T000472,V0134,2025-12-29,8224.68,Paid,0
T000473,V0414,2025-08-01,3165.77,Paid,0
T000474,V0250,2025-11-09,81965.66,Pending,0
T000475,V0437,2026-06-18,47482.73,Paid,0
T000476,V0485,2026-02-09,27805.03,Paid,0
T000477,V0288,2025-07-21,5019.4,Paid,0
T000478,V0186,2025-09-18,32184.96,Paid,0
T000479,V0446,2025-08-19,1332.82,Paid,0
T000480,V0104,2026-02-09,4497.67,Paid,0
T000481,V0367,2026-01-28,1809.7,Paid,0
T000482,V0216,2025-10-24,1072.56,Pending,0
T000483,V0488,2026-03-21,51183.84,Paid,1
T000484,V0413,2026-03-21,30695.4,Pending,0
T000485,V0030,2026-05-19,900.69,Pending,0
T000486,V0370,2025-12-07,1603.47,Paid,0
T000487,V0229,2026-05-25,1038.46,Paid,0
T000488,V0358,2025-12-23,3693.3,Paid,0
T000489,V0172,2026-01-15,39330.56,Disputed,0
T000490,V0146,2025-10-17,554.54,Paid,0
T000491,V0082,2025-07-11,6586.94,Paid,0
T000492,V0259,2025-08-25,165565.29,Paid,0
T000493,V0064,2025-07-24,14802.67,Paid,1
T000494,V0382,2026-04-23,21830.5,Paid,0
T000495,V0305,2025-10-27,2973.8,Paid,0
T000496,V0345,2025-09-09,14354.05,Paid,0
T000497,V0299,2025-10-06,16546.69,Paid,0
T000498,V0425,2026-01-26,29190.0,Paid,0
T000499,V0270,2026-01-22,7635.39,Paid,0
T000500,V0256,2026-05-21,3538.74,Paid,0
T000501,V0499,2026-01-29,12196.56,Paid,0
T000502,V0067,2026-06-25,5256.69,Paid,0
T000503,V0017,2025-09-18,26665.51,Paid,0
T000504,V0210,2025-08-25,586.19,Paid,0
T000505,V0191,2025-12-03,4180.16,Paid,0
T000506,V0025,2025-12-03,16174.94,Paid,0
T000507,V0063,2026-04-06,297.26,Paid,0
T000508,V0290,2026-02-16,3973.83,Paid,0
T000509,V0259,2026-05-21,4144.09,Pending,0
T000510,V0167,2025-08-14,42035.59,Paid,0
T000511,V0203,2025-12-20,51466.3,Paid,0
T000512,V0331,2025-08-14,98901.65,Paid,0
T000513,V0363,2025-12-05,5809.93,Paid,0
T000514,V0317,2026-04-03,5972.33,Paid,0
T000515,V0244,2026-03-14,615.17,Paid,0
T000516,V0414,2026-03-30,7547.82,Pending,0
T000517,V0012,2025-12-21,3795.04,Paid,0
T000518,V0132,2025-08-15,1936.98,Paid,0
T000519,V0158,2026-01-24,7752.93,Paid,0
T000520,V0366,2025-07-29,2869.12,Pending,0
T000521,V0133,2026-01-08,1193.39,Paid,0
T000522,V0261,2026-03-15,3597.57,Paid,0
T000523,V0209,2025-08-02,4609.33,Pending,0
T000524,V0138,2026-04-09,1251.03,Paid,0
T000525,V0209,2026-02-13,316.1,Disputed,0
T000526,V0192,2026-04-02,5747.06,Paid,0
T000527,V0001,2026-02-22,7642.71,Pending,0
T000528,V0140,2026-05-02,757.73,Paid,0
T000529,V0109,2026-04-25,15344.47,Paid,0
T000530,V0036,2025-11-30,88186.71,Pending,0
T000531,V0108,2026-05-08,5210.79,Pending,0
T000532,V0326,2025-11-10,978.25,Paid,0
T000533,V0492,2026-05-02,7642.52,Paid,0
T000534,V0042,2026-05-28,10801.89,Paid,0
T000535,V0228,2026-06-09,2333.86,Paid,0
T000536,V0416,2026-06-21,17480.48,Paid,1
T000537,V0349,2026-06-28,3377.07,Paid,0
T000538,V0368,2025-10-21,1392.88,Paid,0
T000539,V0464,2026-06-25,9214.12,Paid,0
T000540,V0203,2025-08-25,38632.14,Paid,0
T000541,V0338,2026-04-15,13926.4,Paid,0
T000542,V0382,2025-08-02,10483.74,Paid,0
T000543,V0497,2026-06-19,14871.4,Pending,0
T000544,V0002,2026-02-03,900.65,Paid,0
T000545,V0389,2025-07-22,16134.54,Paid,0
T000546,V0230,2025-12-08,2453.6,Disputed,1
T000547,V0217,2025-08-07,17103.25,Paid,0
T000548,V0321,2025-08-18,3599.96,Pending,1
T000549,V0431,2025-11-05,1550.64,Paid,0
T000550,V0421,2025-12-17,5228.67,Paid,0
T000551,V0225,2025-08-17,10046.54,Paid,0
T000552,V0018,2026-01-09,258.68,Paid,0
T000553,V0471,2026-02-11,4095.87,Paid,0
T000554,V0436,2026-01-11,2651.77,Pending,0
T000555,V0404,2026-06-02,8475.19,Paid,0
T000556,V0318,2026-05-13,316.3,Paid,0
T000557,V0265,2025-12-15,31999.52,Paid,1
T000558,V0431,2025-10-07,5080.44,Paid,0
T000559,V0096,2025-11-01,571.2,Paid,0
T000560,V0184,2025-12-06,7615.36,Paid,0
T000561,V0309,2025-12-22,5563.86,Paid,0
T000562,V0420,2026-04-12,21821.65,Paid,0
T000563,V0466,2025-10-11,13912.2,Paid,0
T000564,V0240,2026-05-03,111599.11,Paid,0
T000565,V0154,2026-01-30,3103.16,Pending,0
T000566,V0254,2025-10-20,80190.18,Paid,0
T000567,V0110,2025-10-30,4025.4,Paid,0
T000568,V0193,2025-10-13,3758.56,Paid,1
T000569,V0285,2025-08-27,1059.14,Pending,0
T000570,V0185,2025-07-22,2530.35,Paid,0
T000571,V0434,2026-04-09,2301.11,Paid,0
T000572,V0052,2025-07-10,12365.65,Pending,0
T000573,V0174,2025-10-15,2654.13,Paid,0
T000574,V0482,2026-03-26,1493.85,Paid,0
T000575,V0326,2025-11-02,20760.99,Paid,0
T000576,V0127,2025-07-27,7569.54,Paid,0
T000577,V0300,2026-03-07,2297.96,Paid,0
T000578,V0034,2025-09-23,5341.1,Paid,0
T000579,V0256,2026-03-22,4330.57,Paid,0
T000580,V0367,2026-03-10,4228.12,Paid,0
T000581,V0333,2025-07-18,4228.81,Paid,0
T000582,V0194,2026-04-18,2580.78,Paid,0
T000583,V0266,2025-12-27,5137.79,Paid,0
T000584,V0189,2026-03-11,2412.59,Paid,0
T000585,V0331,2025-08-07,3398.81,Paid,0
T000586,V0330,2025-08-09,1658.72,Paid,0
T000587,V0350,2025-11-17,752.64,Pending,0
T000588,V0367,2026-04-04,326.89,Paid,0
T000589,V0208,2026-04-22,461.78,Paid,0
T000590,V0301,2026-04-08,45696.34,Paid,0
T000591,V0161,2025-10-04,258.51,Paid,0
T000592,V0437,2026-04-11,17901.63,Paid,0
T000593,V0338,2025-12-28,2534.34,Paid,0
T000594,V0399,2026-06-18,30098.94,Pending,1
T000595,V0079,2025-12-16,11107.78,Paid,0
T000596,V0201,2026-01-11,1531.73,Paid,0
T000597,V0056,2025-12-15,6663.55,Paid,0
T000598,V0054,2026-06-10,5604.23,Paid,0
T000599,V0096,2025-10-09,2497.45,Paid,0
T000600,V0030,2026-01-04,5186.13,Paid,0
T000601,V0081,2025-08-25,1062.6,Paid,0
T000602,V0463,2025-10-13,1605.28,Paid,0
T000603,V0244,2025-09-19,294690.25,Paid,0
T000604,V0351,2026-02-19,1397.43,Pending,0
T000605,V0451,2026-03-08,3922.6,Paid,0
T000606,V0452,2026-02-18,474.13,Paid,0
T000607,V0422,2025-09-27,3832.69,Paid,0
T000608,V0197,2026-06-02,843.51,Pending,0
T000609,V0123,2025-09-18,1140.37,Pending,0
T000610,V0358,2025-10-19,26042.21,Paid,0
T000611,V0189,2025-08-08,16944.05,Paid,0
T000612,V0085,2025-11-06,10763.02,Paid,0
T000613,V0100,2026-01-19,1117.23,Paid,0
T000614,V0344,2026-02-22,4725.44,Paid,0
T000615,V0487,2026-02-09,43628.21,Paid,1
T000616,V0274,2026-01-16,1664.0,Paid,1
T000617,V0092,2025-10-18,5647.88,Paid,0
T000618,V0268,2026-05-24,15495.56,Paid,0
T000619,V0228,2025-07-26,6297.63,Paid,0
T000620,V0128,2026-01-07,51704.95,Paid,1
T000621,V0421,2025-10-06,7795.96,Paid,0
T000622,V0428,2026-06-05,1886.3,Paid,0
T000623,V0168,2025-12-12,5907.01,Paid,0
T000624,V0481,2026-02-04,1543.23,Paid,0
T000625,V0206,2026-05-30,2386.18,Paid,0
T000626,V0418,2025-11-19,8696.79,Paid,0
T000627,V0155,2026-05-02,4416.5,Paid,0
T000628,V0473,2026-04-17,21243.96,Paid,0
T000629,V0171,2025-09-27,80955.02,Pending,0
T000630,V0247,2025-08-03,1787.07,Paid,0
T000631,V0328,2025-10-27,15481.68,Paid,1
T000632,V0064,2025-12-05,1623.28,Paid,0
T000633,V0071,2026-01-07,4895.97,Paid,0
T000634,V0122,2026-05-02,40511.62,Paid,0
T000635,V0163,2026-05-25,16280.03,Paid,0
T000636,V0118,2025-12-16,3054.54,Pending,0
T000637,V0128,2026-06-16,9011.62,Paid,0
T000638,V0094,2026-02-11,6858.45,Disputed,0
T000639,V0027,2026-05-20,1655.21,Paid,0
T000640,V0105,2025-10-28,5069.91,Paid,0
T000641,V0102,2025-11-02,3093.31,Paid,0
T000642,V0496,2026-05-21,1952.43,Paid,0
T000643,V0242,2026-02-10,3055.46,Paid,0
T000644,V0489,2026-03-03,761.73,Paid,0
T000645,V0472,2025-11-30,6437.12,Paid,0
T000646,V0238,2025-12-03,4112.0,Paid,0
T000647,V0070,2026-02-25,11898.96,Paid,0
T000648,V0203,2026-01-07,3286.69,Paid,0
T000649,V0454,2025-07-19,67685.7,Paid,0
T000650,V0326,2026-06-17,3512.26,Paid,0
T000651,V0127,2025-11-01,2486.86,Paid,0
T000652,V0015,2026-06-22,7839.78,Pending,0
T000653,V0076,2025-11-07,1165.95,Paid,0
T000654,V0060,2025-08-16,318852.0,Paid,0
T000655,V0462,2025-08-10,5192.05,Paid,0
T000656,V0130,2026-06-19,9106.22,Paid,0
T000657,V0449,2025-08-14,546.91,Paid,0
T000658,V0138,2025-10-15,27323.71,Disputed,0
T000659,V0418,2026-03-08,13260.64,Paid,0
T000660,V0088,2025-09-28,1777.14,Paid,0
T000661,V0486,2025-08-25,2595.75,Paid,0
T000662,V0094,2025-10-06,2732.5,Pending,0
T000663,V0086,2025-08-09,2211.75,Paid,0
T000664,V0300,2025-10-28,4178.7,Paid,0
T000665,V0385,2025-07-03,32326.9,Paid,0
T000666,V0406,2025-07-03,2638.02,Paid,0
T000667,V0249,2026-02-27,23379.89,Paid,0
T000668,V0176,2025-12-08,9300.9,Paid,0
T000669,V0170,2025-08-20,1172.7,Paid,0
T000670,V0063,2026-03-28,844.53,Paid,0
T000671,V0317,2026-06-16,10168.94,Paid,0
T000672,V0327,2025-12-11,800.68,Paid,0
T000673,V0167,2026-06-12,3497.64,Paid,0
T000674,V0042,2025-12-25,392.77,Disputed,0
T000675,V0439,2026-06-23,2656.93,Paid,0
T000676,V0293,2026-03-15,523.24,Paid,0
T000677,V0281,2026-02-24,1164.65,Paid,0
T000678,V0124,2025-11-01,296.85,Paid,0
T000679,V0223,2025-07-14,1988.93,Pending,0
T000680,V0064,2026-06-05,750.33,Paid,0
T000681,V0355,2025-12-17,24389.38,Paid,0
T000682,V0368,2026-01-11,27448.66,Paid,0
T000683,V0120,2025-10-22,2173.2,Paid,0
T000684,V0304,2025-10-04,9553.68,Pending,0
T000685,V0489,2026-01-10,509.88,Disputed,0
T000686,V0164,2026-01-02,340.66,Paid,0
T000687,V0005,2026-04-01,16934.7,Paid,0
T000688,V0113,2026-03-12,8160.12,Paid,0
T000689,V0435,2026-06-24,948.59,Paid,0
T000690,V0141,2026-06-26,7955.09,Paid,0
T000691,V0495,2026-01-08,258.53,Pending,0
T000692,V0116,2026-06-23,10712.93,Pending,0
T000693,V0082,2025-07-11,5847.57,Disputed,0
T000694,V0388,2026-01-16,2823.87,Paid,0
T000695,V0100,2026-06-23,20158.72,Paid,0
T000696,V0298,2025-07-27,88695.09,Paid,0
T000697,V0071,2026-02-11,9545.99,Paid,0
T000698,V0384,2025-10-08,17658.5,Disputed,0
T000699,V0076,2026-01-08,32474.72,Pending,0
T000700,V0050,2025-12-29,11927.4,Paid,0
T000701,V0207,2025-11-02,4502.77,Paid,0
T000702,V0193,2026-06-19,782.29,Paid,0
T000703,V0324,2026-05-30,4301.16,Paid,0
T000704,V0329,2026-06-07,17427.0,Disputed,0
T000705,V0246,2025-11-17,8216.23,Paid,0
T000706,V0331,2026-06-24,3388.73,Paid,0
T000707,V0466,2026-04-01,7830.0,Paid,0
T000708,V0300,2026-04-01,56692.96,Paid,0
T000709,V0495,2026-06-02,15764.27,Paid,0
T000710,V0285,2026-02-13,11192.76,Paid,0
T000711,V0083,2025-08-13,13499.83,Disputed,0
T000712,V0260,2025-11-29,2393.95,Pending,0
T000713,V0001,2025-11-04,6093.62,Paid,0
T000714,V0296,2026-03-08,13117.04,Paid,0
T000715,V0276,2026-03-18,2267.72,Paid,0
T000716,V0097,2025-09-10,277.52,Paid,0
T000717,V0111,2026-04-28,3332.93,Paid,0
T000718,V0131,2025-11-10,257.97,Paid,0
T000719,V0131,2026-06-11,2732.7,Paid,0
T000720,V0376,2025-11-14,1516.58,Paid,0
T000721,V0310,2025-09-21,3913.28,Paid,0
T000722,V0014,2026-05-05,2141.18,Paid,0
T000723,V0209,2025-08-02,3134.22,Paid,0
T000724,V0075,2025-10-23,2690.09,Paid,0
T000725,V0488,2025-08-22,10665.13,Pending,0
T000726,V0302,2026-03-07,1105.5,Paid,0
T000727,V0139,2026-05-07,844.13,Paid,0
T000728,V0348,2026-03-29,14071.4,Paid,0
T000729,V0133,2025-07-04,23464.64,Paid,0
T000730,V0291,2025-11-13,1053.71,Paid,0
T000731,V0182,2026-02-24,4951.24,Pending,0
T000732,V0452,2025-10-25,182.51,Paid,0
T000733,V0161,2025-08-15,6976.66,Paid,0
T000734,V0295,2025-07-29,1215.52,Paid,0
T000735,V0006,2026-02-02,863.7,Paid,0
T000736,V0273,2026-06-22,627.7,Paid,0
T000737,V0379,2026-06-03,34055.58,Paid,0
T000738,V0494,2025-09-24,171114.17,Paid,0
T000739,V0039,2026-01-03,26270.97,Paid,0
T000740,V0195,2025-09-25,3487.01,Paid,0
T000741,V0277,2025-08-29,1852.89,Paid,0
T000742,V0324,2026-04-17,177.59,Disputed,0
T000743,V0264,2025-07-18,545.08,Paid,0
T000744,V0180,2025-10-03,3876.51,Paid,0
T000745,V0271,2026-03-20,24939.58,Paid,0
T000746,V0394,2026-06-01,1581.64,Paid,0
T000747,V0457,2025-10-01,5540.07,Paid,0
T000748,V0225,2025-09-20,8647.44,Paid,0
T000749,V0216,2025-12-16,15474.75,Paid,0
T000750,V0341,2025-11-13,818.98,Paid,0
T000751,V0066,2025-12-13,76523.93,Paid,0
T000752,V0380,2026-01-15,10987.18,Paid,0
T000753,V0351,2025-10-29,14350.26,Paid,1
T000754,V0043,2026-02-04,2404.61,Paid,0
T000755,V0393,2025-08-27,166.92,Paid,0
T000756,V0415,2025-08-21,12974.31,Disputed,0
T000757,V0303,2026-05-18,7473.5,Paid,0
T000758,V0099,2025-09-12,3097.96,Paid,0
T000759,V0209,2026-03-25,1383.35,Paid,0
T000760,V0246,2025-07-31,5252.82,Paid,0
T000761,V0144,2025-12-26,9651.19,Paid,0
T000762,V0001,2025-07-26,8673.31,Paid,0
T000763,V0311,2025-08-20,3936.61,Paid,0
T000764,V0058,2025-08-18,17674.35,Paid,0
T000765,V0185,2026-01-01,20318.8,Paid,0
T000766,V0142,2025-10-15,6135.75,Paid,0
T000767,V0309,2025-08-30,1298.95,Pending,0
T000768,V0317,2025-12-22,1984.64,Paid,0
T000769,V0079,2025-07-22,1057.45,Pending,0
T000770,V0389,2026-04-12,3172.51,Paid,0
T000771,V0215,2026-03-25,190258.91,Paid,1
T000772,V0067,2025-11-25,396.83,Paid,0
T000773,V0380,2026-01-19,4790.78,Paid,0
T000774,V0225,2026-03-17,1392.52,Paid,0
T000775,V0095,2025-07-01,1730.27,Pending,0
T000776,V0405,2026-03-19,3407.74,Paid,0
T000777,V0113,2025-11-28,15015.45,Paid,0
T000778,V0122,2025-11-26,353.08,Paid,0
T000779,V0422,2025-10-15,5341.19,Paid,0
T000780,V0189,2025-12-13,7523.8,Paid,0
T000781,V0167,2025-07-29,1355.87,Paid,0
T000782,V0009,2026-04-01,85991.24,Paid,0
T000783,V0370,2026-06-17,2167.2,Paid,0
T000784,V0283,2025-10-13,13048.39,Paid,0
T000785,V0414,2026-01-18,1674.87,Paid,0
T000786,V0462,2026-03-02,1491.8,Pending,0
T000787,V0097,2026-04-17,4517.98,Paid,0
T000788,V0084,2025-09-28,56337.81,Paid,0
T000789,V0219,2025-11-02,3625.02,Paid,0
T000790,V0071,2025-07-06,40127.47,Paid,1
T000791,V0330,2025-07-22,83655.9,Paid,1
T000792,V0419,2025-12-20,2022.78,Paid,0
T000793,V0137,2026-05-17,5469.9,Paid,0
T000794,V0053,2026-03-18,88289.58,Paid,1
T000795,V0198,2025-09-13,2998.84,Paid,0
T000796,V0352,2025-08-26,585.27,Disputed,0
T000797,V0145,2025-12-29,1067.04,Pending,0
T000798,V0044,2025-07-22,6669.99,Paid,0
T000799,V0348,2026-02-02,393.53,Paid,0
T000800,V0179,2025-08-22,1639.42,Paid,0
T000801,V0465,2026-06-29,146897.92,Disputed,0
T000802,V0399,2026-05-31,1815.31,Paid,0
T000803,V0500,2026-03-01,11523.43,Paid,0
T000804,V0075,2025-08-15,3019.65,Paid,0
T000805,V0254,2026-02-02,939.0,Paid,0
T000806,V0071,2026-05-30,25377.93,Paid,0
T000807,V0253,2026-03-29,5502.56,Paid,0
T000808,V0270,2026-04-21,166087.76,Paid,0
T000809,V0186,2025-07-01,2622.26,Paid,0
T000810,V0467,2025-12-25,534.88,Paid,0
T000811,V0236,2025-09-11,29593.02,Paid,0
T000812,V0108,2025-10-22,3632.69,Paid,0
T000813,V0360,2025-08-23,7495.13,Pending,0
T000814,V0016,2025-09-13,3458.51,Paid,0
T000815,V0417,2026-01-29,1756.36,Paid,0
T000816,V0358,2025-11-30,3796.73,Paid,0
T000817,V0007,2025-11-23,11665.18,Paid,0
T000818,V0203,2026-02-01,160150.14,Paid,0
T000819,V0471,2026-04-18,4991.41,Paid,0
T000820,V0499,2025-08-16,50992.26,Paid,0
T000821,V0317,2025-07-28,2149.45,Paid,0
T000822,V0431,2025-08-08,20543.34,Paid,0
T000823,V0424,2026-01-10,7611.23,Paid,0
T000824,V0309,2025-12-18,1013.18,Paid,0
T000825,V0306,2025-07-05,11989.16,Paid,0
T000826,V0017,2025-10-31,7021.45,Paid,0
T000827,V0162,2025-08-16,3041.84,Paid,0
T000828,V0385,2026-01-16,8427.37,Paid,0
T000829,V0052,2026-03-14,11719.85,Paid,0
T000830,V0301,2025-07-19,2713.22,Pending,0
T000831,V0048,2025-10-26,24397.58,Disputed,0
T000832,V0265,2026-05-07,833.44,Paid,0
T000833,V0439,2026-02-05,8753.76,Paid,0
T000834,V0491,2025-09-16,12411.49,Paid,0
T000835,V0459,2025-08-13,4891.27,Paid,0
T000836,V0035,2025-11-20,6530.13,Paid,0
T000837,V0236,2025-11-09,15255.94,Pending,0
T000838,V0498,2026-04-17,4701.79,Paid,0
T000839,V0318,2026-06-13,1203.37,Disputed,0
T000840,V0192,2025-08-11,11917.04,Pending,0
T000841,V0350,2025-07-21,11085.7,Paid,0
T000842,V0421,2026-04-13,2704.66,Paid,0
T000843,V0199,2026-02-21,9172.72,Paid,0
T000844,V0419,2026-02-23,1563.6,Disputed,0
T000845,V0204,2026-02-06,1676.98,Disputed,0
T000846,V0249,2025-10-16,12426.45,Paid,0
T000847,V0080,2026-02-25,1664.94,Disputed,0
T000848,V0397,2026-01-10,10831.79,Paid,1
T000849,V0130,2026-05-21,1985.49,Paid,0
T000850,V0448,2026-06-29,4019.59,Pending,0
T000851,V0095,2025-07-27,1056.54,Paid,0
T000852,V0215,2026-03-03,4067.95,Paid,0
T000853,V0182,2026-06-19,12761.96,Pending,0
T000854,V0102,2025-08-08,17484.4,Paid,0
T000855,V0422,2025-12-09,39400.51,Paid,0
T000856,V0346,2026-01-24,631.85,Pending,0
T000857,V0439,2025-09-02,12007.02,Paid,0
T000858,V0382,2025-10-04,3221.61,Paid,0
T000859,V0179,2025-10-15,5926.75,Paid,0
T000860,V0460,2025-12-04,5104.46,Paid,0
T000861,V0234,2026-01-27,3525.4,Paid,0
T000862,V0392,2025-12-18,1592.98,Paid,0
T000863,V0305,2025-09-21,5802.66,Paid,0
T000864,V0224,2026-05-20,1247.24,Pending,0
T000865,V0045,2025-08-22,24241.01,Paid,0
T000866,V0258,2026-04-23,44836.82,Paid,0
T000867,V0398,2026-02-17,5652.89,Disputed,0
T000868,V0180,2026-02-22,1533.92,Paid,0
T000869,V0004,2026-01-07,19464.25,Paid,0
T000870,V0158,2026-01-28,26941.09,Paid,0
T000871,V0088,2026-04-18,37171.29,Paid,0
T000872,V0066,2026-05-21,1866.73,Paid,0
T000873,V0082,2026-02-08,529.4,Paid,0
T000874,V0296,2026-01-16,44830.96,Paid,0
T000875,V0486,2025-12-12,2242.47,Paid,0
T000876,V0304,2025-09-16,1642.31,Paid,0
T000877,V0324,2025-12-30,563.12,Paid,0
T000878,V0431,2025-11-02,82265.83,Paid,0
T000879,V0027,2025-11-17,1532.11,Paid,0
T000880,V0433,2026-01-01,17180.44,Paid,0
T000881,V0212,2025-08-06,4507.47,Paid,0
T000882,V0456,2025-12-07,8814.27,Paid,0
T000883,V0463,2025-09-29,13902.64,Paid,0
T000884,V0176,2025-12-24,4446.58,Paid,0
T000885,V0380,2025-11-07,53675.59,Paid,1
T000886,V0079,2025-10-18,1788.43,Paid,0
T000887,V0482,2025-09-02,1674.56,Paid,0
T000888,V0283,2026-05-29,707.2,Paid,0
T000889,V0205,2025-10-06,2325.57,Paid,0
T000890,V0493,2026-01-17,6323.98,Paid,0
T000891,V0222,2026-02-13,2382.27,Paid,0
T000892,V0311,2026-01-12,3320.23,Paid,0
T000893,V0033,2026-02-15,5250.21,Paid,0
T000894,V0331,2026-03-28,3409.08,Paid,0
T000895,V0405,2025-10-03,3400.16,Paid,0
T000896,V0400,2025-12-07,5175.49,Paid,1
T000897,V0408,2025-12-11,43681.89,Paid,0
T000898,V0270,2025-10-19,1311.63,Pending,0
T000899,V0441,2026-06-08,2273.64,Paid,0
T000900,V0101,2025-07-25,20956.85,Paid,0
T000901,V0064,2026-02-16,1520.22,Paid,0
T000902,V0146,2025-07-09,54062.42,Pending,0
T000903,V0146,2025-09-05,19418.83,Pending,0
T000904,V0021,2025-12-19,7141.41,Paid,0
T000905,V0371,2025-12-01,546.13,Paid,0
T000906,V0161,2026-03-09,7666.87,Paid,0
T000907,V0435,2026-05-24,6992.53,Paid,1
T000908,V0054,2025-12-12,114425.29,Paid,0
T000909,V0371,2026-01-04,128572.11,Paid,1
T000910,V0453,2025-07-22,1072.97,Paid,0
T000911,V0139,2026-06-22,1962.03,Paid,0
T000912,V0442,2025-09-13,33088.68,Paid,0
T000913,V0271,2025-10-31,8537.59,Paid,0
T000914,V0375,2026-03-04,2009.32,Paid,0
T000915,V0286,2025-11-01,20886.65,Paid,0
T000916,V0498,2026-03-10,2128.05,Paid,0
T000917,V0271,2026-03-20,2147.86,Paid,0
T000918,V0469,2025-09-04,1700.43,Pending,0
T000919,V0263,2025-10-11,11250.87,Paid,0
T000920,V0158,2026-04-21,7464.66,Paid,0
T000921,V0124,2025-07-08,78498.86,Paid,1
T000922,V0136,2025-08-29,4049.03,Paid,0
T000923,V0028,2026-02-10,2682.76,Paid,0
T000924,V0217,2025-10-07,2146.75,Paid,0
T000925,V0253,2026-03-22,2979.66,Disputed,0
T000926,V0113,2025-08-27,2694.14,Paid,0
T000927,V0318,2026-06-23,11526.71,Paid,0
T000928,V0451,2026-06-19,2438.89,Paid,0
T000929,V0148,2026-06-26,11722.18,Paid,0
T000930,V0359,2026-05-14,4535.29,Paid,0
T000931,V0162,2026-06-13,1376.86,Paid,0
T000932,V0007,2026-06-06,4484.57,Paid,0
T000933,V0040,2025-09-25,92011.53,Disputed,0
T000934,V0299,2025-06-30,4734.73,Paid,0
T000935,V0291,2026-06-13,5286.35,Paid,0
T000936,V0156,2025-12-18,3199.83,Paid,0
T000937,V0250,2025-11-06,1449.26,Paid,0
T000938,V0439,2026-05-01,4668.21,Paid,0
T000939,V0076,2026-01-26,60594.55,Paid,0
T000940,V0126,2026-04-21,1311.89,Disputed,0
T000941,V0328,2025-08-24,264.46,Paid,0
T000942,V0348,2025-12-25,22702.21,Disputed,0
T000943,V0159,2025-10-05,494.46,Paid,0
T000944,V0222,2026-02-17,10632.7,Paid,0
T000945,V0005,2026-03-12,12226.0,Paid,0
T000946,V0084,2025-12-02,4751.29,Paid,0
T000947,V0112,2025-11-21,11989.33,Paid,0
T000948,V0181,2026-06-03,19452.68,Paid,0
T000949,V0489,2025-08-13,8930.57,Paid,0
T000950,V0471,2025-08-10,19614.98,Paid,0
T000951,V0205,2025-08-19,6515.37,Pending,0
T000952,V0412,2026-04-22,1757.05,Paid,0
T000953,V0153,2026-04-16,32983.09,Paid,0
T000954,V0427,2026-02-08,633.14,Paid,0
T000955,V0351,2026-06-29,2893.62,Disputed,0
T000956,V0237,2025-07-14,9925.52,Pending,0
T000957,V0403,2025-11-01,6685.74,Pending,0
T000958,V0450,2025-11-27,322.76,Paid,0
T000959,V0266,2026-02-20,479.87,Paid,0
T000960,V0354,2025-12-16,13305.55,Paid,0
T000961,V0368,2025-07-27,13370.47,Disputed,0
T000962,V0070,2025-10-22,68402.39,Paid,0
T000963,V0369,2025-07-03,34558.74,Paid,0
T000964,V0079,2026-05-05,32865.18,Paid,0
T000965,V0013,2026-03-15,4260.36,Paid,0
T000966,V0095,2025-10-28,30050.39,Paid,0
T000967,V0440,2026-06-01,8068.34,Paid,0
T000968,V0420,2026-06-01,1373.35,Paid,0
T000969,V0246,2025-11-25,2802.06,Paid,0
T000970,V0141,2026-01-16,1248.69,Paid,0
T000971,V0076,2025-07-14,2721.18,Paid,0
T000972,V0018,2026-05-26,14099.13,Pending,0
T000973,V0182,2025-09-09,3720.72,Disputed,0
T000974,V0184,2026-03-13,27454.81,Paid,0
T000975,V0200,2026-03-19,1384.3,Paid,0
T000976,V0403,2025-09-09,521.88,Paid,0
T000977,V0470,2026-05-26,1732.59,Paid,0
T000978,V0363,2026-03-16,19806.51,Paid,0
T000979,V0490,2026-04-23,1893.62,Paid,0
T000980,V0437,2025-09-19,716.94,Paid,0
T000981,V0166,2025-10-26,10218.44,Paid,0
T000982,V0457,2026-01-12,14177.47,Paid,0
T000983,V0059,2025-07-19,24526.57,Pending,0
T000984,V0165,2025-08-24,10581.74,Paid,0
T000985,V0103,2025-10-08,1708.18,Paid,0
T000986,V0083,2026-02-07,838.44,Paid,0
T000987,V0105,2025-07-17,2780.02,Paid,0
T000988,V0095,2026-06-14,9682.0,Paid,0
T000989,V0243,2026-03-13,1937.17,Paid,0
T000990,V0035,2026-02-09,3718.01,Paid,0
T000991,V0401,2026-03-21,2837.29,Paid,0
T000992,V0170,2025-07-11,19048.62,Paid,0
T000993,V0447,2025-09-18,16862.18,Paid,0
T000994,V0205,2026-05-12,839.98,Paid,0
T000995,V0016,2025-07-16,2903.68,Paid,0
T000996,V0072,2025-10-12,7517.23,Paid,0
T000997,V0450,2025-07-31,2477.69,Pending,0
T000998,V0360,2025-07-18,3299.63,Paid,0
T000999,V0476,2025-08-10,29308.26,Paid,0
T001000,V0054,2025-07-18,4863.19,Paid,0
T001001,V0401,2025-10-24,160117.82,Pending,0
T001002,V0350,2026-06-15,17622.43,Paid,0
T001003,V0357,2025-09-02,3661.03,Paid,0
T001004,V0460,2026-05-11,30726.86,Paid,0
T001005,V0030,2025-10-29,1028.19,Paid,0
T001006,V0455,2026-03-31,1645.63,Paid,0
T001007,V0336,2025-11-02,2400.16,Paid,0
T001008,V0481,2026-04-04,447.29,Pending,0
T001009,V0440,2025-10-20,4046.2,Paid,0
T001010,V0445,2026-05-30,1903.22,Paid,0
T001011,V0211,2026-06-26,40383.38,Pending,0
T001012,V0431,2026-03-23,400.39,Paid,0
T001013,V0418,2025-09-10,2675.03,Paid,0
T001014,V0429,2025-07-17,1287.15,Disputed,0
T001015,V0031,2025-11-19,81217.46,Paid,1
T001016,V0115,2025-10-13,2095.94,Paid,0
T001017,V0017,2026-04-03,498.16,Paid,0
T001018,V0111,2025-07-14,524.73,Paid,0
T001019,V0374,2025-07-29,25661.2,Pending,0
T001020,V0148,2026-03-30,4003.42,Paid,0
T001021,V0084,2026-01-11,935.03,Disputed,0
T001022,V0395,2026-04-03,1566.68,Paid,0
T001023,V0138,2026-06-02,873.96,Paid,0
T001024,V0158,2026-04-17,51768.04,Paid,0
T001025,V0009,2026-02-10,1926.28,Paid,0
T001026,V0297,2025-08-09,1239.08,Paid,0
T001027,V0093,2025-11-09,11878.74,Paid,0
T001028,V0323,2025-09-27,533.93,Paid,0
T001029,V0020,2025-10-02,117840.2,Paid,0
T001030,V0368,2025-10-24,2254.49,Pending,0
T001031,V0181,2026-04-02,18265.41,Paid,0
T001032,V0228,2025-08-26,5088.49,Paid,0
T001033,V0422,2026-06-13,2797.38,Paid,0
T001034,V0168,2026-05-06,13915.01,Paid,0
T001035,V0241,2025-11-27,6965.43,Pending,0
T001036,V0467,2026-04-28,22298.83,Paid,0
T001037,V0298,2026-06-29,3050.17,Paid,0
T001038,V0372,2025-09-14,18938.43,Paid,0
T001039,V0281,2026-01-30,5467.09,Paid,0
T001040,V0311,2026-02-26,10906.6,Paid,0
T001041,V0295,2025-11-27,21389.75,Disputed,0
T001042,V0119,2026-02-18,11333.6,Paid,0
T001043,V0041,2025-12-27,5751.53,Paid,0
T001044,V0118,2026-02-14,12001.04,Disputed,0
T001045,V0474,2026-04-01,17181.64,Paid,0
T001046,V0175,2025-12-07,1041.86,Paid,0
T001047,V0254,2026-05-19,15404.97,Paid,0
T001048,V0086,2025-08-30,2135.66,Paid,0
T001049,V0052,2025-09-02,593.48,Paid,0
T001050,V0217,2025-12-28,256.64,Paid,0
T001051,V0173,2025-12-19,8717.53,Paid,0
T001052,V0379,2025-12-28,16511.39,Paid,0
T001053,V0359,2025-09-06,37393.8,Paid,0
T001054,V0261,2025-08-11,9752.89,Paid,0
T001055,V0091,2026-03-17,10317.46,Paid,0
T001056,V0253,2025-12-21,518.37,Paid,0
T001057,V0476,2026-02-03,2127.37,Disputed,0
T001058,V0022,2025-10-15,3900.46,Paid,0
T001059,V0178,2025-11-22,1591.16,Paid,0
T001060,V0087,2025-11-24,20422.27,Paid,0
T001061,V0119,2026-06-06,2729.51,Paid,0
T001062,V0087,2025-07-14,6286.07,Paid,0
T001063,V0100,2025-07-03,4199.29,Paid,0
T001064,V0486,2026-04-18,3576.15,Paid,0
T001065,V0471,2025-08-25,4828.35,Paid,0
T001066,V0343,2025-08-28,10451.8,Paid,0
T001067,V0172,2025-11-18,3220.86,Paid,0
T001068,V0353,2025-12-08,5235.29,Paid,0
T001069,V0321,2025-07-18,1124.11,Paid,0
T001070,V0101,2025-11-12,4275.96,Paid,0
T001071,V0068,2025-10-09,7010.74,Paid,0
T001072,V0110,2025-07-01,3605.69,Paid,0
T001073,V0020,2026-01-30,15799.98,Paid,0
T001074,V0179,2026-03-04,24394.27,Paid,0
T001075,V0449,2025-11-26,10844.26,Paid,0
T001076,V0279,2026-03-03,2619.98,Pending,0
T001077,V0392,2025-11-24,3465.73,Paid,0
T001078,V0091,2026-02-22,2675.28,Pending,0
T001079,V0431,2026-03-07,40619.22,Paid,1
T001080,V0436,2026-01-25,2123.74,Paid,0
T001081,V0205,2025-11-10,19026.63,Paid,0
T001082,V0420,2025-07-23,2254.64,Paid,0
T001083,V0106,2026-05-16,6670.61,Disputed,0
T001084,V0011,2026-01-10,7102.15,Paid,0
T001085,V0102,2025-09-18,18836.62,Paid,0
T001086,V0083,2026-01-07,2933.85,Pending,0
T001087,V0019,2025-07-10,17929.6,Paid,0
T001088,V0022,2025-09-18,13533.54,Paid,0
T001089,V0417,2026-01-09,7549.57,Paid,0
T001090,V0044,2025-08-08,79300.61,Paid,1
T001091,V0078,2025-08-17,75488.14,Paid,0
T001092,V0160,2025-12-12,2438.68,Paid,0
T001093,V0052,2025-11-12,2923.06,Paid,0
T001094,V0143,2026-03-04,860.41,Paid,0
T001095,V0255,2026-01-17,12593.12,Paid,0
T001096,V0395,2025-10-26,3854.87,Paid,0
T001097,V0074,2026-05-18,4757.01,Paid,0
T001098,V0243,2026-03-24,16916.98,Paid,0
T001099,V0130,2026-01-26,2480.2,Paid,0
T001100,V0290,2026-05-02,31785.23,Paid,0
T001101,V0161,2026-05-29,1512.72,Paid,0
T001102,V0379,2025-08-10,28612.63,Paid,0
T001103,V0007,2025-09-20,5190.11,Pending,0
T001104,V0059,2025-07-19,30763.69,Paid,0
T001105,V0072,2026-04-06,4030.21,Disputed,0
T001106,V0369,2026-06-11,2183.56,Paid,0
T001107,V0085,2025-09-10,992.49,Disputed,0
T001108,V0191,2026-03-22,7907.16,Paid,0
T001109,V0383,2025-09-07,289.94,Paid,0
T001110,V0092,2025-09-14,2214.79,Paid,0
T001111,V0320,2026-02-24,6267.21,Pending,0
T001112,V0177,2026-05-17,2552.58,Paid,0
T001113,V0479,2025-11-07,7402.18,Paid,0
T001114,V0053,2025-10-18,2399.65,Paid,0
T001115,V0301,2026-05-26,12758.45,Paid,0
T001116,V0142,2026-05-11,10598.82,Paid,0
T001117,V0111,2025-08-15,71618.26,Paid,0
T001118,V0001,2025-12-12,3501.3,Paid,0
T001119,V0124,2026-04-12,1581.17,Paid,0
T001120,V0430,2026-03-24,3050.69,Paid,0
T001121,V0086,2026-05-20,78886.72,Paid,0
T001122,V0251,2026-06-20,44614.21,Paid,0
T001123,V0179,2025-09-29,814.52,Paid,0
T001124,V0373,2026-02-02,1031.12,Pending,0
T001125,V0196,2026-01-07,1002.13,Paid,1
T001126,V0003,2026-04-26,2972.92,Paid,0
T001127,V0472,2025-07-06,6408.24,Paid,0
T001128,V0023,2026-06-21,9661.51,Paid,0
T001129,V0016,2026-02-26,4702.07,Paid,0
T001130,V0414,2025-08-22,15036.33,Pending,0
T001131,V0068,2025-08-11,1404.28,Paid,0
T001132,V0032,2025-12-07,589.65,Paid,0
T001133,V0315,2025-07-08,1443.38,Pending,0
T001134,V0087,2026-04-26,56952.66,Paid,1
T001135,V0342,2026-06-07,10261.46,Paid,0
T001136,V0023,2025-11-18,11354.47,Paid,0
T001137,V0432,2025-07-01,1750.98,Paid,0
T001138,V0429,2026-06-21,2133.07,Paid,0
T001139,V0011,2025-09-24,11923.34,Paid,0
T001140,V0371,2025-11-03,1156.67,Pending,0
T001141,V0383,2025-09-05,2360.63,Paid,0
T001142,V0290,2025-12-08,1402.26,Paid,0
T001143,V0152,2025-11-09,9368.95,Paid,0
T001144,V0179,2026-05-24,6799.4,Paid,0
T001145,V0487,2026-04-25,2712.89,Paid,0
T001146,V0178,2026-05-26,473.7,Paid,0
T001147,V0407,2025-11-14,1650.91,Paid,0
T001148,V0338,2026-05-19,2047.68,Paid,0
T001149,V0194,2026-06-02,6122.52,Paid,0
T001150,V0446,2025-07-04,1030.08,Pending,0
T001151,V0096,2025-12-30,2053.55,Paid,0
T001152,V0415,2026-05-11,3840.31,Paid,0
T001153,V0428,2025-11-01,1904.37,Paid,0
T001154,V0154,2025-07-20,5058.74,Disputed,0
T001155,V0206,2026-04-29,482.4,Pending,0
T001156,V0495,2026-06-22,1295.97,Disputed,0
T001157,V0159,2025-09-10,18727.3,Paid,0
T001158,V0076,2025-10-10,18331.03,Paid,0
T001159,V0105,2026-02-08,1335.07,Paid,0
T001160,V0192,2025-07-02,4523.14,Paid,0
T001161,V0358,2025-10-16,73784.06,Paid,0
T001162,V0066,2025-12-09,10189.58,Pending,0
T001163,V0420,2026-06-10,12856.03,Paid,0
T001164,V0251,2026-06-07,19855.74,Paid,0
T001165,V0394,2025-10-28,3053.0,Paid,0
T001166,V0385,2026-01-19,81587.73,Paid,0
T001167,V0109,2025-12-01,3885.75,Paid,0
T001168,V0146,2025-12-06,1073.85,Disputed,0
T001169,V0216,2025-09-29,386.12,Paid,0
T001170,V0043,2025-12-24,8081.32,Paid,0
T001171,V0007,2025-09-20,1768.79,Paid,0
T001172,V0249,2026-05-30,31140.32,Paid,0
T001173,V0133,2026-05-20,35205.24,Paid,0
T001174,V0433,2026-03-30,1287.83,Pending,0
T001175,V0041,2025-09-14,9621.03,Paid,0
T001176,V0447,2026-02-17,3669.56,Pending,0
T001177,V0236,2026-01-03,2845.21,Paid,0
T001178,V0013,2026-04-03,2228.34,Paid,0
T001179,V0153,2026-05-21,16127.12,Paid,0
T001180,V0274,2025-08-17,1719.87,Pending,0
T001181,V0177,2026-02-19,8959.67,Paid,0
T001182,V0376,2026-03-25,5842.48,Paid,0
T001183,V0312,2026-05-22,11326.68,Paid,0
T001184,V0173,2026-05-22,81092.41,Paid,1
T001185,V0335,2025-08-09,20495.56,Paid,0
T001186,V0134,2025-12-02,8976.52,Paid,0
T001187,V0026,2026-01-07,6151.4,Paid,0
T001188,V0353,2025-10-03,961.82,Pending,0
T001189,V0348,2025-11-22,8302.4,Paid,1
T001190,V0137,2026-02-21,11146.31,Paid,1
T001191,V0148,2026-06-29,7996.68,Paid,0
T001192,V0278,2026-01-15,4305.01,Paid,0
T001193,V0422,2026-02-12,4888.96,Paid,0
T001194,V0207,2025-07-16,12092.27,Paid,0
T001195,V0177,2025-08-11,3153.82,Paid,0
T001196,V0016,2025-09-17,7043.74,Paid,0
T001197,V0392,2025-07-11,11419.99,Disputed,0
T001198,V0193,2026-04-01,517.23,Paid,0
T001199,V0112,2025-10-16,1962.7,Paid,0
T001200,V0206,2026-04-07,2031.63,Paid,0
T001201,V0164,2026-01-01,12479.78,Paid,0
T001202,V0326,2025-12-09,4973.31,Paid,0
T001203,V0388,2026-02-22,138957.1,Paid,0
T001204,V0051,2026-01-12,6842.06,Paid,0
T001205,V0015,2026-05-12,900.34,Paid,0
T001206,V0293,2026-01-25,23984.34,Paid,0
T001207,V0242,2026-06-15,1032.68,Pending,0
T001208,V0335,2026-01-15,12277.74,Paid,0
T001209,V0189,2025-10-30,21901.44,Pending,0
T001210,V0106,2026-04-21,4343.78,Disputed,0
T001211,V0408,2025-09-28,47671.38,Paid,0
T001212,V0170,2025-09-19,542.08,Paid,0
T001213,V0350,2026-06-11,3076.73,Paid,0
T001214,V0401,2026-01-29,6738.3,Disputed,0
T001215,V0366,2025-07-12,2085.49,Paid,0
T001216,V0425,2025-07-20,1543.83,Paid,0
T001217,V0220,2025-09-01,21468.74,Paid,0
T001218,V0188,2026-01-27,7617.15,Paid,0
T001219,V0136,2025-08-18,1296.13,Paid,0
T001220,V0386,2025-11-02,12564.44,Paid,0
T001221,V0231,2026-06-23,2203.33,Paid,0
T001222,V0268,2025-11-24,8376.77,Paid,0
T001223,V0291,2026-05-20,958.67,Paid,0
T001224,V0413,2026-06-20,506.43,Paid,0
T001225,V0117,2025-07-14,37132.92,Paid,0
T001226,V0187,2026-03-17,2717.06,Paid,0
T001227,V0080,2026-04-26,16899.68,Pending,0
T001228,V0249,2026-05-27,921.63,Pending,0
T001229,V0008,2026-06-07,25142.07,Paid,0
T001230,V0143,2026-05-07,116851.39,Paid,0
T001231,V0236,2026-04-17,20511.09,Paid,0
T001232,V0341,2025-07-16,3749.82,Paid,0
T001233,V0284,2026-03-30,29756.33,Paid,0
T001234,V0229,2026-04-16,5286.82,Paid,0
T001235,V0480,2026-05-29,14954.45,Paid,0
T001236,V0312,2025-11-13,5638.56,Paid,0
T001237,V0033,2025-09-05,5206.63,Paid,0
T001238,V0298,2026-03-01,4083.42,Paid,0
T001239,V0325,2025-08-06,2153.48,Paid,0
T001240,V0278,2026-04-27,1293.45,Paid,0
T001241,V0441,2025-08-26,12681.92,Paid,0
T001242,V0326,2026-05-10,1797.68,Paid,0
T001243,V0169,2026-03-16,4646.79,Paid,0
T001244,V0273,2025-11-04,1503.71,Paid,0
T001245,V0058,2025-10-01,4704.08,Paid,0
T001246,V0084,2025-09-29,782.86,Pending,0
T001247,V0227,2025-12-22,10073.98,Paid,0
T001248,V0391,2025-10-26,1233.39,Paid,0
T001249,V0053,2026-06-15,1436.85,Paid,0
T001250,V0081,2025-10-06,97456.6,Paid,0
T001251,V0081,2025-12-13,28142.92,Paid,0
T001252,V0478,2025-11-11,3077.64,Paid,0
T001253,V0171,2025-12-28,15598.52,Paid,0
T001254,V0391,2026-01-29,807.13,Paid,0
T001255,V0234,2025-11-17,415.68,Paid,0
T001256,V0165,2026-02-03,13851.98,Paid,0
T001257,V0111,2026-05-12,5162.78,Paid,0
T001258,V0167,2026-03-02,66496.81,Pending,0
T001259,V0400,2026-06-02,9519.59,Paid,0
T001260,V0031,2025-08-20,970.77,Paid,0
T001261,V0146,2025-08-25,2786.08,Disputed,0
T001262,V0376,2026-01-27,8155.38,Paid,0
T001263,V0168,2026-04-19,6834.54,Paid,0
T001264,V0354,2025-07-11,94898.48,Disputed,0
T001265,V0185,2026-02-13,10470.97,Paid,0
T001266,V0186,2025-12-17,1141.28,Paid,0
T001267,V0329,2026-01-26,1998.29,Paid,0
T001268,V0031,2026-03-19,2441.27,Disputed,0
T001269,V0448,2025-12-14,19375.16,Paid,0
T001270,V0377,2025-08-07,20727.69,Paid,0
T001271,V0045,2026-04-19,66308.58,Paid,0
T001272,V0393,2026-06-15,3907.5,Pending,0
T001273,V0379,2025-09-15,7257.5,Paid,0
T001274,V0271,2026-06-19,23447.86,Paid,0
T001275,V0200,2025-07-09,860.97,Pending,0
T001276,V0300,2026-06-10,19443.93,Paid,0
T001277,V0421,2026-04-20,16643.66,Paid,0
T001278,V0158,2025-09-30,629.92,Paid,0
T001279,V0066,2026-04-02,3324.61,Pending,0
T001280,V0337,2025-10-14,2087.55,Paid,0
T001281,V0471,2025-10-19,14398.34,Paid,0
T001282,V0102,2025-10-13,24058.34,Disputed,0
T001283,V0260,2026-04-22,9081.14,Paid,0
T001284,V0251,2026-05-05,3796.62,Paid,0
T001285,V0245,2025-11-07,29775.88,Paid,1
T001286,V0493,2025-08-20,20504.75,Paid,0
T001287,V0360,2025-08-12,32967.44,Paid,0
T001288,V0494,2025-11-17,5177.2,Paid,0
T001289,V0306,2025-10-15,65848.14,Paid,0
T001290,V0081,2026-01-30,12218.47,Paid,0
T001291,V0084,2025-07-15,4873.36,Pending,0
T001292,V0136,2026-05-14,676.67,Pending,0
T001293,V0018,2025-09-11,2355.32,Paid,0
T001294,V0008,2025-12-25,146.83,Paid,0
T001295,V0069,2026-05-04,2784.97,Paid,0
T001296,V0277,2026-01-03,726.92,Paid,0
T001297,V0065,2025-10-20,5895.18,Paid,0
T001298,V0381,2025-08-17,10168.74,Paid,0
T001299,V0129,2025-10-02,10834.58,Paid,0
T001300,V0303,2026-03-23,131341.52,Pending,0
T001301,V0168,2026-02-01,3456.92,Pending,0
T001302,V0383,2026-01-13,22903.33,Paid,0
T001303,V0325,2025-07-17,14141.1,Paid,0
T001304,V0247,2026-03-04,14152.15,Disputed,0
T001305,V0208,2026-02-16,42790.95,Paid,0
T001306,V0382,2025-11-20,10604.56,Disputed,0
T001307,V0096,2025-11-07,248.87,Paid,0
T001308,V0050,2026-06-07,360.68,Paid,0
T001309,V0279,2025-09-02,12102.28,Paid,0
T001310,V0178,2025-12-04,3808.38,Disputed,0
T001311,V0498,2026-03-15,32651.18,Paid,0
T001312,V0398,2025-07-08,289.01,Paid,0
T001313,V0289,2026-03-28,6641.89,Paid,0
T001314,V0485,2026-03-28,1898.07,Paid,0
T001315,V0440,2026-05-12,15218.1,Paid,0
T001316,V0104,2025-11-19,3327.09,Paid,0
T001317,V0244,2026-02-24,1057.87,Paid,0
T001318,V0363,2026-04-10,8187.06,Paid,0
T001319,V0035,2025-07-30,10025.31,Paid,0
T001320,V0498,2025-11-01,3601.96,Paid,0
T001321,V0128,2025-12-26,3245.8,Paid,0
T001322,V0061,2026-03-23,2964.89,Paid,0
T001323,V0339,2026-02-09,2829.58,Paid,0
T001324,V0037,2025-12-21,1018.2,Paid,0
T001325,V0364,2026-06-19,27234.07,Paid,0
T001326,V0046,2026-05-04,4703.15,Paid,0
T001327,V0054,2025-11-20,106180.25,Paid,0
T001328,V0169,2026-01-30,8396.84,Paid,0
T001329,V0366,2026-03-05,1446.02,Paid,0
T001330,V0054,2026-06-27,4563.7,Paid,0
T001331,V0446,2026-06-06,2421.33,Paid,0
T001332,V0489,2025-08-19,6037.89,Paid,0
T001333,V0345,2026-06-28,26300.8,Paid,0
T001334,V0178,2026-05-27,7109.0,Paid,0
T001335,V0322,2026-02-06,7455.77,Paid,0
T001336,V0485,2025-12-15,71404.39,Paid,0
T001337,V0420,2026-06-14,1653.32,Paid,0
T001338,V0326,2025-11-11,10599.46,Pending,0
T001339,V0332,2025-12-11,51203.06,Paid,0
T001340,V0256,2025-08-14,1735.72,Paid,0
T001341,V0117,2025-12-09,11829.96,Paid,0
T001342,V0161,2026-05-14,4874.22,Paid,0
T001343,V0363,2026-03-05,773.8,Paid,0
T001344,V0492,2025-09-24,3043.93,Pending,0
T001345,V0359,2026-05-24,8930.74,Paid,0
T001346,V0357,2025-08-07,2217.42,Pending,0
T001347,V0208,2025-11-11,1353.73,Paid,0
T001348,V0198,2025-08-22,113786.93,Paid,0
T001349,V0315,2026-04-17,26162.73,Paid,0
T001350,V0126,2026-04-06,8954.31,Paid,0
T001351,V0416,2025-10-18,1463.84,Pending,0
T001352,V0248,2026-02-09,3110.57,Paid,0
T001353,V0435,2026-03-22,8277.05,Disputed,0
T001354,V0383,2025-11-10,13220.91,Pending,0
T001355,V0480,2025-10-28,2510.31,Paid,0
T001356,V0441,2026-06-24,1317.42,Disputed,0
T001357,V0402,2026-03-16,14428.89,Paid,0
T001358,V0117,2025-12-25,21413.64,Disputed,0
T001359,V0239,2025-11-14,5933.52,Paid,0
T001360,V0224,2025-08-02,6812.67,Paid,0
T001361,V0445,2026-06-26,343.95,Paid,0
T001362,V0292,2025-11-06,13461.14,Pending,0
T001363,V0203,2025-10-18,8630.44,Paid,0
T001364,V0120,2026-04-17,21091.19,Paid,0
T001365,V0349,2026-04-26,12262.61,Paid,0
T001366,V0037,2026-05-10,822.54,Paid,0
T001367,V0308,2025-09-29,3146.38,Paid,0
T001368,V0351,2026-01-14,16052.68,Paid,0
T001369,V0094,2025-08-18,2832.01,Paid,0
T001370,V0047,2025-10-02,2393.35,Paid,0
T001371,V0042,2025-12-20,4324.4,Pending,0
T001372,V0032,2026-04-11,907.69,Disputed,0
T001373,V0271,2025-07-06,4062.36,Paid,1
T001374,V0440,2025-08-04,7007.96,Paid,0
T001375,V0447,2026-06-14,58438.96,Pending,0
T001376,V0362,2025-09-28,5403.58,Paid,0
T001377,V0479,2026-04-01,14363.73,Paid,0
T001378,V0099,2026-05-04,577.91,Paid,0
T001379,V0338,2026-04-06,1230.84,Disputed,0
T001380,V0252,2025-10-04,3638.66,Paid,0
T001381,V0303,2025-08-19,333906.17,Paid,0
T001382,V0268,2026-01-17,27706.7,Paid,0
T001383,V0391,2025-10-09,1298.84,Paid,0
T001384,V0252,2025-07-12,4764.69,Paid,0
T001385,V0255,2025-11-24,42633.78,Paid,0
T001386,V0485,2025-08-14,1598.88,Paid,0
T001387,V0329,2025-12-07,16880.11,Paid,0
T001388,V0097,2025-12-27,16375.72,Paid,0
T001389,V0358,2025-07-22,8521.15,Paid,0
T001390,V0328,2026-05-09,506.2,Paid,0
T001391,V0124,2026-06-02,17128.88,Paid,0
T001392,V0073,2026-05-02,781.2,Paid,0
T001393,V0293,2026-06-28,50871.76,Pending,0
T001394,V0378,2025-11-16,3942.92,Paid,0
T001395,V0432,2025-10-05,21727.87,Paid,0
T001396,V0203,2025-07-21,11551.21,Paid,0
T001397,V0327,2025-08-27,4751.84,Pending,0
T001398,V0132,2026-06-13,26724.07,Paid,0
T001399,V0439,2026-04-17,447.37,Pending,0
T001400,V0104,2025-08-13,6386.4,Disputed,0
T001401,V0241,2026-03-02,1456.26,Paid,0
T001402,V0391,2026-06-20,12971.97,Paid,0
T001403,V0074,2026-02-11,6266.33,Paid,0
T001404,V0097,2025-10-15,29900.25,Pending,1
T001405,V0129,2025-09-27,3132.73,Paid,0
T001406,V0079,2025-11-26,5000.75,Paid,0
T001407,V0370,2026-02-09,640.47,Paid,0
T001408,V0148,2026-04-11,814.6,Paid,0
T001409,V0034,2026-01-25,5136.44,Paid,0
T001410,V0165,2026-01-05,2633.87,Paid,0
T001411,V0019,2026-04-14,5495.52,Paid,0
T001412,V0293,2026-05-26,2058.08,Pending,0
T001413,V0122,2026-06-14,4768.45,Paid,0
T001414,V0246,2025-09-16,1974.41,Paid,0
T001415,V0375,2025-09-27,30287.79,Paid,0
T001416,V0379,2025-07-10,3888.71,Paid,0
T001417,V0451,2026-04-03,440.88,Paid,0
T001418,V0453,2026-01-29,4134.58,Paid,0
T001419,V0173,2025-12-13,7771.15,Paid,0
T001420,V0365,2025-10-05,115716.12,Paid,0
T001421,V0187,2026-02-22,8026.73,Paid,0
T001422,V0110,2026-01-17,8288.08,Paid,0
T001423,V0320,2026-01-27,1239.04,Paid,0
T001424,V0197,2026-03-21,994.13,Paid,1
T001425,V0089,2025-11-16,29805.05,Paid,0
T001426,V0078,2026-01-26,2739.95,Paid,0
T001427,V0250,2025-12-08,15066.29,Paid,0
T001428,V0019,2026-06-11,18534.7,Pending,0
T001429,V0183,2025-10-11,2996.32,Paid,0
T001430,V0464,2026-02-13,4016.35,Paid,0
T001431,V0288,2025-09-19,15294.25,Paid,0
T001432,V0317,2026-01-25,785.81,Disputed,0
T001433,V0354,2025-11-04,1065.44,Paid,0
T001434,V0196,2026-02-27,17552.88,Paid,1
T001435,V0477,2026-02-10,6305.64,Disputed,0
T001436,V0485,2026-06-08,19972.36,Pending,0
T001437,V0036,2025-09-28,1404.28,Paid,0
T001438,V0479,2026-06-07,672.72,Paid,0
T001439,V0403,2025-08-11,4753.58,Disputed,0
T001440,V0187,2025-11-06,1758.67,Pending,0
T001441,V0251,2025-12-10,1988.72,Paid,0
T001442,V0021,2025-11-16,59834.69,Paid,0
T001443,V0283,2025-07-16,62631.96,Pending,1
T001444,V0195,2026-01-14,10013.13,Pending,0
T001445,V0402,2026-02-02,3502.35,Paid,0
T001446,V0283,2025-10-06,4738.23,Pending,0
T001447,V0044,2026-06-06,2321.09,Paid,0
T001448,V0122,2025-08-13,50212.23,Paid,0
T001449,V0447,2026-02-20,7865.46,Paid,0
T001450,V0029,2026-06-25,17290.81,Paid,0
T001451,V0222,2026-06-16,1111.66,Paid,0
T001452,V0102,2026-06-27,1704.34,Pending,0
T001453,V0032,2026-02-11,1862.38,Paid,0
T001454,V0499,2025-10-04,24744.24,Paid,0
T001455,V0165,2025-10-24,532.14,Paid,0
T001456,V0260,2026-05-23,2000.72,Paid,0
T001457,V0272,2025-07-03,433.79,Paid,0
T001458,V0177,2025-07-30,23835.98,Paid,0
T001459,V0367,2026-02-13,445.32,Paid,0
T001460,V0349,2026-05-06,7771.06,Paid,0
T001461,V0231,2025-12-30,15056.85,Paid,0
T001462,V0161,2026-04-05,6117.12,Paid,0
T001463,V0237,2025-12-13,40729.87,Paid,0
T001464,V0073,2026-01-13,4032.12,Paid,0
T001465,V0446,2026-05-19,1302.96,Paid,0
T001466,V0464,2025-09-26,4485.99,Paid,0
T001467,V0082,2025-12-02,2542.26,Paid,0
T001468,V0223,2025-09-19,4487.44,Paid,0
T001469,V0488,2025-12-12,17356.1,Paid,0
T001470,V0254,2025-10-18,4009.59,Paid,0
T001471,V0323,2025-12-06,10659.2,Paid,0
T001472,V0145,2025-12-21,80719.05,Paid,0
T001473,V0497,2026-02-27,736.81,Paid,0
T001474,V0168,2026-06-17,6717.16,Paid,0
T001475,V0066,2025-12-11,23889.59,Paid,0
T001476,V0313,2025-10-29,13388.52,Pending,0
T001477,V0161,2026-03-18,21693.69,Paid,0
T001478,V0271,2026-03-08,1998.23,Paid,0
T001479,V0035,2026-02-15,3537.91,Paid,0
T001480,V0187,2025-07-30,18436.56,Paid,1
T001481,V0288,2025-09-12,4658.33,Paid,0
T001482,V0416,2026-05-26,7032.5,Pending,0
T001483,V0269,2026-03-15,404.86,Paid,0
T001484,V0006,2025-11-29,12453.01,Paid,1
T001485,V0041,2026-01-04,1932.14,Paid,0
T001486,V0285,2025-09-18,12495.81,Paid,0
T001487,V0142,2025-10-09,12165.38,Paid,0
T001488,V0490,2025-07-08,6003.26,Paid,0
T001489,V0282,2025-07-13,11793.19,Paid,0
T001490,V0429,2025-07-17,8186.79,Paid,0
T001491,V0262,2025-07-28,31844.33,Pending,0
T001492,V0072,2025-09-15,1568.95,Paid,0
T001493,V0185,2025-12-29,2535.69,Paid,0
T001494,V0280,2025-07-31,5799.25,Paid,0
T001495,V0422,2025-08-14,19322.52,Pending,0
T001496,V0134,2025-10-24,843.2,Paid,0
T001497,V0432,2026-06-22,2039.54,Pending,0
T001498,V0257,2025-12-10,860.51,Paid,0
T001499,V0392,2025-11-25,4644.74,Paid,0
T001500,V0021,2025-10-10,6452.4,Paid,0
T001501,V0360,2025-08-10,6701.54,Paid,0
T001502,V0109,2025-09-15,13713.39,Paid,0
T001503,V0285,2026-01-07,5070.03,Paid,0
T001504,V0172,2025-10-08,2802.99,Paid,0
T001505,V0015,2026-02-13,10018.49,Paid,0
T001506,V0095,2025-08-26,919.99,Paid,0
T001507,V0346,2025-10-17,3452.34,Paid,0
T001508,V0453,2025-11-06,14625.43,Paid,0
T001509,V0168,2026-02-19,1010.68,Paid,0
T001510,V0342,2025-11-04,3021.63,Paid,0
T001511,V0189,2025-10-18,12408.47,Paid,0
T001512,V0153,2025-07-17,19367.79,Pending,0
T001513,V0455,2025-10-12,399.39,Paid,0
T001514,V0451,2026-02-28,2037.08,Paid,0
T001515,V0454,2026-04-22,43889.28,Paid,1
T001516,V0355,2025-09-16,1580.87,Paid,0
T001517,V0222,2026-02-23,5960.15,Paid,0
T001518,V0144,2026-06-28,1794.95,Paid,0
T001519,V0140,2025-10-04,7674.98,Pending,1
T001520,V0428,2026-02-07,7915.5,Paid,0
T001521,V0381,2025-07-24,2800.46,Paid,0
T001522,V0279,2025-09-21,221.35,Paid,0
T001523,V0165,2026-05-23,3148.02,Paid,0
T001524,V0178,2025-11-26,370.43,Paid,0
T001525,V0209,2025-12-31,2471.65,Paid,0
T001526,V0231,2026-04-02,13901.56,Paid,0
T001527,V0441,2026-05-16,1346.28,Paid,0
T001528,V0436,2026-04-19,491.22,Paid,0
T001529,V0058,2026-03-13,6123.85,Paid,0
T001530,V0282,2026-06-05,39416.55,Paid,0
T001531,V0429,2026-01-07,5957.03,Paid,0
T001532,V0296,2025-12-26,33587.43,Paid,0
T001533,V0330,2026-02-17,329.69,Paid,0
T001534,V0458,2026-03-15,20476.66,Paid,0
T001535,V0157,2025-10-31,11864.0,Paid,0
T001536,V0488,2025-10-05,1607.38,Paid,0
T001537,V0130,2026-02-16,32010.09,Paid,0
T001538,V0358,2026-05-01,2244.61,Paid,0
T001539,V0302,2026-03-01,10922.73,Disputed,0
T001540,V0256,2025-12-10,3043.46,Paid,0
T001541,V0386,2026-04-01,15099.22,Pending,0
T001542,V0486,2026-06-15,4798.55,Paid,0
T001543,V0464,2025-08-13,4305.84,Paid,0
T001544,V0367,2026-05-19,31571.0,Paid,0
T001545,V0241,2025-07-17,1899.01,Paid,0
T001546,V0315,2026-01-26,44321.21,Paid,1
T001547,V0093,2026-02-22,1416.79,Paid,0
T001548,V0371,2025-07-24,2510.44,Paid,0
T001549,V0232,2025-11-27,7507.44,Disputed,0
T001550,V0040,2025-10-09,4641.99,Paid,0
T001551,V0335,2025-09-28,1548.65,Paid,0
T001552,V0118,2026-06-30,3152.2,Paid,0
T001553,V0072,2025-09-05,6427.24,Paid,0
T001554,V0011,2026-06-27,5987.77,Paid,0
T001555,V0243,2025-07-17,1481.11,Paid,0
T001556,V0135,2026-06-05,2776.36,Pending,0
T001557,V0449,2025-09-08,1658.73,Paid,0
T001558,V0229,2026-06-02,32954.91,Paid,0
T001559,V0405,2026-06-01,1356.53,Paid,0
T001560,V0076,2025-11-30,817.26,Paid,1
T001561,V0058,2026-03-25,72518.56,Paid,1
T001562,V0472,2025-11-01,1183.68,Paid,0
T001563,V0199,2026-04-09,9883.45,Paid,0
T001564,V0066,2026-03-18,24.82,Paid,0
T001565,V0321,2026-01-27,17650.25,Paid,0
T001566,V0031,2026-02-06,976.93,Paid,0
T001567,V0372,2026-01-07,2523.64,Paid,0
T001568,V0066,2026-03-02,18342.54,Paid,0
T001569,V0387,2026-05-21,631.1,Paid,0
T001570,V0222,2026-05-03,457.67,Paid,0
T001571,V0238,2026-05-28,1780.09,Paid,0
T001572,V0486,2026-02-25,5139.73,Paid,0
T001573,V0356,2026-04-12,64607.45,Paid,0
T001574,V0241,2025-12-19,716.99,Paid,0
T001575,V0324,2025-08-01,2174.87,Paid,0
T001576,V0263,2025-10-24,46798.38,Paid,0
T001577,V0423,2025-12-18,5282.34,Paid,0
T001578,V0338,2025-10-04,1019.0,Paid,0
T001579,V0165,2025-10-12,27211.45,Paid,0
T001580,V0449,2025-11-26,7473.29,Paid,0
T001581,V0094,2026-05-27,16149.37,Paid,0
T001582,V0478,2026-04-16,4233.45,Paid,0
T001583,V0064,2026-01-08,6487.89,Paid,0
T001584,V0027,2026-02-03,8980.4,Paid,0
T001585,V0161,2025-08-30,1832.54,Disputed,0
T001586,V0022,2025-08-04,1503.69,Paid,0
T001587,V0474,2026-06-16,4056.33,Paid,0
T001588,V0058,2025-12-19,2483.4,Paid,0
T001589,V0385,2025-11-13,24090.89,Paid,0
T001590,V0300,2025-12-09,10518.01,Paid,0
T001591,V0278,2026-05-11,7657.32,Paid,0
T001592,V0064,2025-08-17,1760.02,Paid,0
T001593,V0457,2025-09-26,99131.38,Paid,1
T001594,V0441,2026-05-03,22382.1,Paid,0
T001595,V0210,2026-06-29,4196.78,Pending,0
T001596,V0385,2026-01-10,562.38,Pending,0
T001597,V0176,2025-12-11,474.58,Paid,0
T001598,V0106,2026-01-06,63263.0,Paid,0
T001599,V0112,2025-12-07,3024.44,Pending,0
T001600,V0195,2026-05-03,13707.26,Paid,0
T001601,V0366,2025-07-11,3269.51,Paid,0
T001602,V0371,2026-02-13,2291.61,Disputed,0
T001603,V0246,2025-09-18,11716.35,Paid,0
T001604,V0196,2026-01-02,1203.12,Paid,0
T001605,V0316,2026-06-21,5821.12,Paid,0
T001606,V0077,2025-11-27,1068.72,Paid,0
T001607,V0210,2025-12-06,51835.59,Paid,0
T001608,V0447,2025-09-28,1881.75,Paid,0
T001609,V0009,2025-10-08,6419.39,Paid,0
T001610,V0401,2025-09-29,7108.81,Paid,0
T001611,V0092,2025-09-16,5428.43,Paid,0
T001612,V0088,2025-11-16,5077.05,Paid,0
T001613,V0070,2025-09-23,32339.1,Paid,0
T001614,V0090,2026-06-28,1413.28,Paid,0
T001615,V0035,2026-01-09,1441.15,Paid,0
T001616,V0387,2026-01-18,7642.04,Paid,0
T001617,V0332,2026-03-23,2019.72,Paid,0
T001618,V0385,2025-11-05,5405.47,Paid,0
T001619,V0413,2025-07-18,846.38,Paid,0
T001620,V0310,2026-01-27,14660.32,Paid,1
T001621,V0111,2026-02-07,69305.77,Paid,0
T001622,V0389,2025-09-09,8208.43,Paid,0
T001623,V0117,2026-02-09,1830.27,Paid,0
T001624,V0105,2026-02-22,2402.51,Paid,0
T001625,V0192,2025-07-27,93.57,Pending,0
T001626,V0040,2026-05-02,309.16,Paid,0
T001627,V0445,2026-03-02,1040.21,Paid,0
T001628,V0006,2025-08-20,258.92,Paid,0
T001629,V0112,2026-05-18,5176.62,Paid,0
T001630,V0236,2025-12-24,7398.27,Paid,0
T001631,V0064,2026-02-09,14701.86,Paid,0
T001632,V0281,2026-04-15,1178.88,Paid,0
T001633,V0074,2025-09-10,10756.94,Paid,0
T001634,V0113,2025-07-21,1079.53,Paid,0
T001635,V0453,2025-09-15,3273.07,Paid,0
T001636,V0034,2025-09-21,15889.03,Paid,0
T001637,V0240,2025-09-22,36840.89,Paid,0
T001638,V0461,2025-12-22,1317.88,Paid,0
T001639,V0170,2026-05-19,11350.35,Paid,0
T001640,V0302,2026-03-23,47232.03,Paid,0
T001641,V0418,2025-07-11,3951.24,Paid,0
T001642,V0499,2026-01-23,350.93,Paid,0
T001643,V0422,2025-09-13,11494.72,Disputed,0
T001644,V0238,2025-09-16,5033.62,Paid,0
T001645,V0154,2025-08-10,952.67,Paid,0
T001646,V0397,2025-12-07,3301.37,Disputed,0
T001647,V0171,2026-01-05,1480.8,Paid,0
T001648,V0491,2026-01-18,7024.18,Paid,0
T001649,V0313,2025-09-22,1846.22,Pending,0
T001650,V0052,2025-08-11,1129.13,Pending,0
T001651,V0407,2026-06-22,1775.82,Paid,0
T001652,V0293,2025-08-13,3214.78,Disputed,0
T001653,V0315,2025-06-30,12781.16,Paid,0
T001654,V0252,2025-08-24,2233.57,Paid,0
T001655,V0314,2025-11-22,978.19,Paid,0
T001656,V0398,2026-06-23,5276.52,Paid,0
T001657,V0202,2025-12-20,18015.37,Paid,0
T001658,V0261,2025-12-03,912.58,Paid,0
T001659,V0121,2025-12-05,8150.19,Paid,0
T001660,V0019,2025-08-09,2246.33,Paid,0
T001661,V0247,2026-02-07,224.42,Paid,0
T001662,V0374,2026-04-26,962.67,Paid,0
T001663,V0187,2025-09-18,3292.87,Paid,0
T001664,V0412,2025-11-06,1194.15,Disputed,0
T001665,V0402,2026-06-28,23912.91,Paid,0
T001666,V0363,2026-02-01,1675.28,Pending,0
T001667,V0172,2025-09-13,5223.09,Paid,0
T001668,V0093,2026-01-29,2953.96,Paid,0
T001669,V0054,2026-03-04,2120.35,Pending,0
T001670,V0381,2026-03-15,2012.2,Paid,0
T001671,V0475,2026-05-09,207.76,Paid,0
T001672,V0494,2026-04-28,6281.69,Paid,0
T001673,V0171,2025-07-09,2706.12,Paid,0
T001674,V0450,2026-01-29,6902.62,Paid,0
T001675,V0231,2025-11-12,1238.21,Paid,0
T001676,V0464,2026-04-22,2200.01,Paid,0
T001677,V0488,2026-02-15,23560.77,Pending,0
T001678,V0009,2026-03-13,100936.08,Paid,0
T001679,V0255,2026-04-23,644.11,Paid,0
T001680,V0121,2026-01-15,6107.84,Paid,0
T001681,V0351,2026-02-04,901.96,Paid,0
T001682,V0464,2026-02-03,2100.62,Pending,0
T001683,V0159,2026-04-03,17579.96,Paid,0
T001684,V0063,2025-07-01,72255.93,Paid,0
T001685,V0392,2026-02-16,2250.38,Paid,0
T001686,V0262,2025-08-31,4372.87,Paid,0
T001687,V0048,2025-12-27,32626.41,Paid,1
T001688,V0407,2025-08-13,2222.71,Paid,0
T001689,V0474,2026-05-19,2861.31,Paid,0
T001690,V0054,2026-03-19,14895.18,Paid,0
T001691,V0248,2026-04-26,9298.91,Paid,0
T001692,V0337,2026-03-10,6339.41,Paid,0
T001693,V0461,2025-07-21,5845.02,Paid,0
T001694,V0174,2026-01-28,2148.67,Paid,0
T001695,V0267,2026-04-13,23623.18,Paid,0
T001696,V0283,2025-12-21,32823.43,Paid,0
T001697,V0218,2025-11-27,147.57,Disputed,0
T001698,V0187,2025-08-07,4838.01,Paid,0
T001699,V0146,2025-12-14,2132.85,Paid,0
T001700,V0307,2025-08-20,3412.21,Paid,0
T001701,V0455,2025-09-01,1867.35,Paid,0
T001702,V0142,2025-12-06,30434.2,Pending,0
T001703,V0416,2026-06-29,6490.49,Paid,0
T001704,V0283,2026-06-01,27858.45,Paid,0
T001705,V0027,2025-09-08,6231.99,Paid,0
T001706,V0185,2026-01-23,5636.35,Paid,0
T001707,V0407,2025-11-03,11242.57,Paid,0
T001708,V0009,2026-02-25,484.28,Disputed,0
T001709,V0443,2026-06-14,212328.74,Paid,1
T001710,V0407,2025-10-04,4802.28,Paid,0
T001711,V0199,2025-10-06,14819.22,Disputed,0
T001712,V0211,2026-04-22,2492.16,Paid,0
T001713,V0216,2025-11-07,9989.02,Paid,0
T001714,V0098,2025-11-06,14547.74,Paid,0
T001715,V0496,2026-06-08,608.95,Paid,0
T001716,V0024,2025-08-05,8183.52,Disputed,0
T001717,V0295,2025-07-01,17850.92,Paid,0
T001718,V0055,2025-12-21,2155.27,Paid,0
T001719,V0445,2026-01-04,2408.39,Paid,0
T001720,V0228,2026-06-04,689.44,Paid,0
T001721,V0446,2026-06-05,62752.15,Pending,0
T001722,V0224,2025-07-25,1718.89,Paid,0
T001723,V0427,2025-07-30,17217.91,Paid,0
T001724,V0148,2025-09-10,2612.31,Paid,0
T001725,V0391,2026-03-28,725.11,Paid,0
T001726,V0103,2026-06-17,22566.32,Paid,0
T001727,V0069,2025-07-08,32936.23,Disputed,0
T001728,V0283,2026-03-17,7320.46,Paid,0
T001729,V0131,2026-06-18,5205.04,Paid,0
T001730,V0491,2025-08-23,2066.08,Paid,0
T001731,V0343,2026-04-10,36614.23,Pending,0
T001732,V0322,2026-03-11,25275.78,Paid,0
T001733,V0291,2025-12-21,1266.93,Paid,0
T001734,V0412,2025-11-16,8584.84,Disputed,0
T001735,V0290,2026-04-14,2823.37,Pending,0
T001736,V0167,2025-07-23,18698.46,Paid,0
T001737,V0253,2025-10-24,3362.02,Paid,0
T001738,V0459,2025-09-08,1471.65,Paid,0
T001739,V0349,2026-04-06,4174.82,Paid,0
T001740,V0050,2025-07-18,110974.67,Paid,0
T001741,V0473,2025-10-29,6608.72,Paid,0
T001742,V0383,2026-05-18,19677.42,Paid,0
T001743,V0086,2026-06-01,47941.53,Paid,0
T001744,V0111,2026-01-26,4971.77,Paid,0
T001745,V0357,2025-12-25,5777.71,Disputed,0
T001746,V0293,2025-07-10,8083.84,Paid,0
T001747,V0024,2025-09-29,1951.66,Paid,0
T001748,V0339,2026-02-15,2295.27,Pending,0
T001749,V0105,2026-01-03,62817.31,Paid,0
T001750,V0079,2026-06-17,4612.02,Paid,0
T001751,V0351,2026-01-31,2169.02,Paid,0
T001752,V0417,2025-09-23,1524.18,Paid,0
T001753,V0487,2026-04-28,5897.72,Paid,0
T001754,V0313,2026-02-12,2399.63,Paid,0
T001755,V0396,2025-07-10,1744.97,Paid,0
T001756,V0047,2026-04-23,238.85,Paid,0
T001757,V0359,2026-03-30,2841.93,Paid,0
T001758,V0070,2025-07-27,5396.71,Paid,0
T001759,V0465,2025-07-25,5174.09,Paid,0
T001760,V0283,2025-08-11,2131.11,Paid,0
T001761,V0070,2025-09-29,572.78,Paid,0
T001762,V0405,2025-10-20,8302.13,Paid,0
T001763,V0217,2026-05-20,7539.52,Paid,0
T001764,V0142,2025-12-19,98065.02,Pending,0
T001765,V0371,2025-07-15,24407.42,Paid,0
T001766,V0247,2025-08-19,1228.49,Paid,0
T001767,V0323,2026-05-05,2787.04,Pending,0
T001768,V0331,2025-11-25,11164.55,Paid,0
T001769,V0308,2026-06-07,6978.78,Pending,0
T001770,V0040,2025-09-15,183.21,Paid,0
T001771,V0161,2026-01-10,4223.09,Paid,0
T001772,V0026,2025-07-01,148387.89,Paid,0
T001773,V0046,2026-01-01,10319.62,Paid,0
T001774,V0063,2025-10-28,1748.99,Disputed,0
T001775,V0190,2026-06-03,1022.36,Paid,0
T001776,V0374,2025-07-21,5604.74,Paid,0
T001777,V0124,2026-01-26,9280.2,Paid,0
T001778,V0009,2026-05-15,29850.35,Paid,0
T001779,V0411,2025-07-24,1395.04,Pending,0
T001780,V0379,2025-07-02,574.39,Paid,0
T001781,V0281,2026-02-27,4656.55,Paid,0
T001782,V0392,2025-10-04,5285.3,Paid,0
T001783,V0034,2025-09-10,16980.93,Paid,0
T001784,V0293,2026-05-26,22265.71,Paid,0
T001785,V0125,2026-01-30,9981.19,Paid,0
T001786,V0221,2025-10-17,1623.4,Paid,0
T001787,V0485,2026-05-19,3262.22,Paid,0
T001788,V0444,2025-07-21,11403.96,Paid,0
T001789,V0099,2025-07-11,10552.04,Paid,0
T001790,V0442,2025-11-25,10708.81,Pending,0
T001791,V0012,2025-10-23,11819.8,Paid,0
T001792,V0092,2025-11-18,3011.27,Paid,0
T001793,V0020,2025-11-25,7911.7,Paid,0
T001794,V0470,2025-10-18,250.81,Paid,0
T001795,V0132,2026-04-26,1068.88,Paid,0
T001796,V0073,2025-08-21,4008.94,Paid,0
T001797,V0025,2026-05-06,4814.6,Disputed,0
T001798,V0021,2026-01-24,106984.21,Pending,0
T001799,V0314,2026-03-15,3987.62,Paid,0
T001800,V0492,2026-03-13,85742.62,Paid,1
T001801,V0014,2025-07-15,6705.84,Paid,0
T001802,V0429,2026-05-01,5208.73,Paid,0
T001803,V0327,2026-06-24,4800.65,Paid,0
T001804,V0492,2026-01-28,10008.99,Paid,0
T001805,V0454,2025-07-29,376.9,Pending,0
T001806,V0328,2026-04-20,1617.92,Paid,0
T001807,V0245,2025-12-22,35026.53,Paid,0
T001808,V0088,2025-09-18,72823.04,Paid,0
T001809,V0232,2025-11-17,2488.83,Pending,0
T001810,V0357,2025-11-27,723.9,Paid,0
T001811,V0188,2026-05-18,30.52,Paid,0
T001812,V0050,2025-08-28,13789.72,Pending,0
T001813,V0484,2025-10-06,20900.98,Paid,0
T001814,V0419,2025-07-13,2065.69,Pending,0
T001815,V0109,2025-08-20,2006.57,Paid,0
T001816,V0282,2025-10-01,4138.86,Paid,0
T001817,V0391,2026-04-13,7359.83,Paid,0
T001818,V0136,2025-11-25,4202.09,Paid,0
T001819,V0342,2026-04-07,16412.05,Paid,0
T001820,V0331,2026-01-07,6727.77,Paid,0
T001821,V0354,2026-06-20,66824.5,Paid,0
T001822,V0149,2025-11-23,75803.8,Paid,0
T001823,V0131,2026-04-24,16916.96,Paid,0
T001824,V0483,2026-05-16,2960.32,Pending,0
T001825,V0337,2025-11-28,44991.82,Paid,0
T001826,V0347,2026-06-12,624.7,Paid,0
T001827,V0297,2026-01-12,10527.7,Paid,0
T001828,V0151,2025-07-10,10975.76,Disputed,0
T001829,V0456,2025-10-05,12698.29,Paid,0
T001830,V0221,2026-01-22,242535.33,Paid,0
T001831,V0012,2026-04-11,4412.48,Paid,0
T001832,V0498,2025-07-15,7425.39,Paid,0
T001833,V0371,2025-10-24,5227.01,Paid,0
T001834,V0186,2026-05-28,211762.29,Paid,0
T001835,V0460,2025-12-23,1685.1,Paid,0
T001836,V0175,2025-07-15,10756.19,Paid,0
T001837,V0184,2026-04-04,10398.06,Paid,0
T001838,V0196,2026-04-19,3002.33,Paid,0
T001839,V0008,2026-04-13,4556.88,Paid,0
T001840,V0075,2025-10-05,14402.63,Pending,0
T001841,V0062,2025-11-05,3692.42,Paid,0
T001842,V0436,2026-03-17,947.75,Paid,1
T001843,V0308,2026-01-16,24390.09,Paid,0
T001844,V0391,2026-01-14,4964.78,Paid,0
T001845,V0172,2025-07-13,5838.27,Paid,0
T001846,V0311,2025-08-06,17438.97,Paid,0
T001847,V0442,2026-05-18,7395.91,Paid,0
T001848,V0322,2025-09-11,888.97,Paid,0
T001849,V0459,2026-03-10,3444.98,Paid,0
T001850,V0483,2026-02-14,14378.13,Paid,0
T001851,V0010,2026-04-10,82666.76,Paid,0
T001852,V0243,2026-01-12,50375.85,Paid,0
T001853,V0012,2026-01-19,1304.82,Paid,0
T001854,V0477,2025-12-07,3149.96,Paid,0
T001855,V0105,2025-09-22,7817.04,Paid,0
T001856,V0113,2026-02-01,1348.81,Paid,0
T001857,V0254,2026-04-05,6433.4,Paid,0
T001858,V0039,2026-06-06,5748.15,Paid,0
T001859,V0087,2026-04-22,2996.69,Paid,0
T001860,V0499,2025-08-17,3900.41,Paid,0
T001861,V0350,2025-11-05,18496.57,Pending,0
T001862,V0464,2026-02-22,15622.17,Pending,0
T001863,V0039,2025-07-07,45352.09,Pending,0
T001864,V0302,2026-03-31,11798.98,Paid,0
T001865,V0499,2026-01-30,864.66,Paid,0
T001866,V0375,2026-06-16,6862.63,Paid,0
T001867,V0448,2026-04-02,2447.05,Paid,0
T001868,V0164,2026-01-25,10486.74,Paid,0
T001869,V0061,2026-02-17,4649.64,Paid,0
T001870,V0461,2026-01-23,6174.38,Paid,0
T001871,V0392,2025-07-01,3472.27,Paid,0
T001872,V0115,2026-05-18,1619.99,Paid,0
T001873,V0448,2026-06-02,1159.08,Paid,0
T001874,V0054,2026-06-16,1324.31,Paid,0
T001875,V0395,2025-09-27,450.43,Paid,0
T001876,V0234,2026-04-30,58054.73,Paid,0
T001877,V0121,2026-02-05,9387.17,Pending,0
T001878,V0488,2025-09-19,2774.56,Paid,0
T001879,V0497,2025-11-26,8165.86,Paid,0
T001880,V0313,2026-03-19,5640.23,Paid,0
T001881,V0321,2026-04-05,7956.02,Paid,0
T001882,V0336,2026-02-10,1219.05,Paid,0
T001883,V0277,2026-06-01,4080.4,Paid,0
T001884,V0369,2026-05-17,10198.02,Paid,0
T001885,V0278,2025-09-14,36888.83,Paid,0
T001886,V0433,2025-09-16,12455.35,Paid,0
T001887,V0384,2025-07-19,21838.18,Paid,0
T001888,V0330,2025-10-03,40519.66,Paid,0
T001889,V0453,2025-07-15,95929.98,Paid,0
T001890,V0373,2026-05-13,2337.59,Paid,0
T001891,V0086,2025-11-20,15757.66,Pending,0
T001892,V0138,2025-11-05,991.96,Paid,0
T001893,V0072,2025-12-27,36962.9,Paid,0
T001894,V0488,2025-09-06,26666.15,Paid,0
T001895,V0426,2025-10-21,14650.88,Pending,0
T001896,V0479,2025-08-21,3104.6,Paid,0
T001897,V0168,2025-10-03,5540.55,Paid,0
T001898,V0468,2025-12-22,550.61,Paid,0
T001899,V0352,2026-01-05,54111.33,Paid,1
T001900,V0490,2026-01-13,224870.71,Paid,1
T001901,V0349,2025-11-24,13436.41,Paid,0
T001902,V0062,2026-06-10,58623.5,Paid,0
T001903,V0427,2026-06-25,2912.99,Paid,0
T001904,V0187,2025-10-15,3722.63,Paid,0
T001905,V0424,2025-12-14,1973.0,Paid,0
T001906,V0110,2026-01-30,3373.67,Paid,0
T001907,V0219,2026-02-14,22115.19,Paid,0
T001908,V0330,2025-08-24,513.56,Paid,0
T001909,V0091,2026-02-18,2704.78,Paid,0
T001910,V0269,2026-02-27,7143.24,Paid,0
T001911,V0004,2025-11-16,3176.57,Paid,0
T001912,V0393,2025-12-25,578.76,Paid,0
T001913,V0468,2026-02-04,52.78,Paid,0
T001914,V0213,2026-02-15,5595.55,Paid,0
T001915,V0362,2025-12-19,21065.74,Paid,0
T001916,V0324,2025-12-20,12934.45,Pending,0
T001917,V0404,2026-06-29,15557.03,Paid,0
T001918,V0315,2025-08-29,3794.86,Pending,0
T001919,V0452,2025-07-20,3302.85,Paid,0
T001920,V0491,2025-10-29,3301.42,Paid,0
T001921,V0285,2025-10-01,9048.95,Paid,0
T001922,V0316,2026-01-12,2388.56,Paid,0
T001923,V0494,2026-06-18,3506.22,Pending,0
T001924,V0330,2026-01-27,2533.75,Paid,0
T001925,V0189,2025-11-24,6759.73,Paid,0
T001926,V0418,2025-08-23,9929.21,Paid,0
T001927,V0074,2026-05-26,3339.91,Paid,1
T001928,V0135,2026-03-07,273.21,Paid,0
T001929,V0085,2026-02-26,2242.89,Paid,0
T001930,V0093,2025-12-26,4580.46,Paid,0
T001931,V0322,2025-11-13,4616.92,Pending,0
T001932,V0167,2025-09-10,8799.75,Paid,0
T001933,V0233,2026-01-11,42242.55,Paid,0
T001934,V0282,2025-10-01,7507.29,Paid,0
T001935,V0227,2025-10-19,22424.83,Paid,0
T001936,V0291,2026-05-10,1528.94,Paid,0
T001937,V0219,2025-12-14,12215.09,Paid,0
T001938,V0282,2025-09-11,2299.7,Paid,0
T001939,V0126,2026-04-21,31502.62,Pending,0
T001940,V0137,2026-01-29,3475.84,Paid,0
T001941,V0202,2025-11-25,247.82,Disputed,0
T001942,V0256,2026-05-08,8828.89,Paid,0
T001943,V0435,2026-04-24,4102.04,Paid,0
T001944,V0029,2025-12-16,4188.55,Paid,0
T001945,V0252,2026-06-27,20145.7,Paid,0
T001946,V0469,2026-03-22,2379.28,Paid,0
T001947,V0051,2025-09-06,15806.87,Pending,0
T001948,V0281,2025-10-04,1387.96,Pending,0
T001949,V0454,2026-02-23,5380.47,Paid,0
T001950,V0108,2026-06-19,34665.19,Paid,0
T001951,V0095,2025-10-29,8475.81,Paid,0
T001952,V0385,2025-07-20,1823.49,Pending,0
T001953,V0331,2025-08-10,5997.99,Paid,0
T001954,V0084,2025-10-15,39352.6,Paid,0
T001955,V0399,2025-09-14,7422.61,Pending,0
T001956,V0384,2025-12-25,7585.88,Paid,0
T001957,V0445,2026-03-18,733.88,Paid,0
T001958,V0213,2026-02-25,4910.71,Paid,0
T001959,V0325,2025-09-15,9221.96,Pending,0
T001960,V0474,2026-06-23,31995.81,Paid,0
T001961,V0059,2026-05-06,36165.89,Paid,0
T001962,V0054,2025-09-04,6578.28,Paid,0
T001963,V0381,2026-03-27,717.58,Paid,0
T001964,V0293,2025-10-06,3833.57,Paid,0
T001965,V0234,2026-05-29,10313.96,Paid,0
T001966,V0052,2025-08-15,418.51,Paid,0
T001967,V0072,2025-12-19,37812.49,Paid,0
T001968,V0306,2025-11-23,3626.29,Paid,0
T001969,V0434,2026-01-03,30556.95,Paid,0
T001970,V0415,2026-05-31,16341.66,Paid,0
T001971,V0299,2026-03-11,1492.05,Paid,0
T001972,V0479,2025-12-30,6369.41,Paid,0
T001973,V0067,2025-10-16,15109.97,Paid,0
T001974,V0080,2025-07-13,930.05,Paid,0
T001975,V0315,2025-09-20,4392.69,Paid,0
T001976,V0318,2025-07-31,3008.95,Paid,0
T001977,V0303,2025-07-11,3858.41,Paid,0
T001978,V0484,2025-08-23,2944.6,Paid,0
T001979,V0351,2026-05-19,7618.98,Paid,0
T001980,V0128,2025-07-30,469.56,Paid,0
T001981,V0255,2026-04-14,77818.93,Pending,0
T001982,V0158,2026-05-14,753.28,Disputed,0
T001983,V0191,2025-11-22,3955.33,Paid,0
T001984,V0055,2025-09-08,14472.84,Paid,0
T001985,V0285,2025-07-30,119196.03,Paid,0
T001986,V0014,2026-01-27,5674.55,Paid,0
T001987,V0047,2026-03-07,917.05,Paid,0
T001988,V0416,2026-06-08,3429.26,Pending,0
T001989,V0056,2025-12-22,12265.26,Paid,0
T001990,V0232,2025-08-21,1585.18,Paid,0
T001991,V0025,2025-11-24,2414.55,Paid,0
T001992,V0411,2026-01-21,1650.43,Paid,1
T001993,V0273,2026-03-27,10569.5,Paid,0
T001994,V0255,2025-07-15,975.28,Disputed,0
T001995,V0412,2025-10-10,6664.77,Pending,0
T001996,V0473,2025-11-07,4112.05,Paid,0
T001997,V0124,2025-09-08,12241.2,Disputed,0
T001998,V0207,2026-01-28,3792.11,Paid,0
T001999,V0387,2025-08-03,9297.64,Paid,0
T002000,V0011,2026-05-31,2330.98,Paid,0
T002001,V0421,2026-04-14,28343.95,Disputed,1
T002002,V0034,2025-12-09,8375.13,Paid,0
T002003,V0426,2026-05-02,2590.92,Paid,0
T002004,V0332,2025-08-02,840.03,Paid,0
T002005,V0196,2026-05-04,5954.92,Paid,0
T002006,V0051,2025-09-14,1890.82,Paid,0
T002007,V0137,2025-11-04,2262.75,Paid,0
T002008,V0378,2026-06-17,8498.79,Disputed,0
T002009,V0229,2025-07-07,1632.98,Paid,0
T002010,V0463,2026-04-02,12388.37,Paid,0
T002011,V0339,2026-06-05,13851.11,Paid,0
T002012,V0436,2026-04-05,655.42,Paid,0
T002013,V0305,2026-03-15,4252.61,Disputed,0
T002014,V0493,2025-07-11,16307.02,Disputed,0
T002015,V0476,2026-06-03,5469.09,Disputed,0
T002016,V0476,2026-01-20,19156.41,Paid,0
T002017,V0232,2025-12-29,6007.45,Disputed,0
T002018,V0498,2026-03-16,55.1,Paid,0
T002019,V0014,2025-11-09,5800.41,Paid,0
T002020,V0425,2025-09-30,18505.53,Paid,0
T002021,V0047,2026-05-27,5178.74,Paid,0
T002022,V0085,2026-05-03,12450.77,Paid,0
T002023,V0386,2026-01-16,35460.02,Paid,0
T002024,V0302,2025-12-28,2352.05,Paid,0
T002025,V0298,2026-02-01,968.1,Paid,0
T002026,V0128,2025-09-28,4482.36,Paid,0
T002027,V0115,2025-12-17,11255.78,Paid,0
T002028,V0409,2026-06-02,9686.84,Paid,0
T002029,V0310,2026-01-31,9669.34,Paid,0
T002030,V0128,2025-11-12,30730.97,Paid,0
T002031,V0078,2025-08-02,4192.55,Paid,0
T002032,V0082,2025-12-29,6335.1,Paid,0
T002033,V0280,2025-09-02,1925.21,Paid,0
T002034,V0022,2026-02-08,1518.79,Disputed,0
T002035,V0386,2026-03-26,3603.37,Paid,0
T002036,V0033,2025-08-14,2665.67,Paid,0
T002037,V0388,2025-11-04,1215.23,Paid,0
T002038,V0421,2025-10-12,8761.78,Paid,0
T002039,V0458,2025-06-30,1130.29,Paid,0
T002040,V0171,2026-06-23,19010.95,Paid,0
T002041,V0064,2026-05-11,1190.71,Paid,0
T002042,V0149,2025-11-17,3823.5,Paid,0
T002043,V0467,2025-08-02,10396.42,Paid,0
T002044,V0386,2026-04-05,9812.1,Paid,0
T002045,V0444,2026-01-21,4004.58,Paid,0
T002046,V0139,2026-01-27,187009.02,Pending,0
T002047,V0280,2026-02-01,9009.16,Paid,0
T002048,V0500,2026-04-23,2550.65,Pending,0
T002049,V0196,2026-04-16,1105.93,Paid,0
T002050,V0338,2025-07-25,436.72,Paid,0
T002051,V0030,2026-06-16,839.75,Paid,0
T002052,V0117,2026-05-01,7310.99,Paid,0
T002053,V0161,2025-11-04,2351.5,Paid,0
T002054,V0134,2025-12-14,3552.45,Paid,0
T002055,V0305,2026-05-31,8267.22,Paid,0
T002056,V0298,2025-11-05,1650.44,Paid,0
T002057,V0443,2025-11-17,69088.66,Paid,0
T002058,V0255,2026-01-26,13524.6,Paid,0
T002059,V0388,2026-02-11,137.64,Paid,0
T002060,V0158,2025-12-10,5112.31,Paid,0
T002061,V0401,2026-01-05,1852.77,Paid,0
T002062,V0325,2025-10-02,13080.72,Paid,0
T002063,V0324,2025-12-18,7195.71,Paid,0
T002064,V0478,2026-06-10,1423.7,Paid,0
T002065,V0093,2026-02-16,1148.48,Paid,0
T002066,V0206,2025-09-06,25295.1,Paid,0
T002067,V0091,2025-11-20,8587.48,Disputed,0
T002068,V0258,2025-11-05,5803.12,Paid,0
T002069,V0390,2026-03-31,535.43,Paid,0
T002070,V0365,2026-03-10,14585.84,Pending,0
T002071,V0228,2025-07-06,20418.62,Paid,0
T002072,V0406,2025-11-11,51234.11,Paid,0
T002073,V0057,2025-09-22,504.82,Paid,0
T002074,V0246,2025-12-22,1810.67,Paid,0
T002075,V0386,2026-03-29,430.9,Paid,0
T002076,V0189,2025-11-12,322.97,Paid,0
T002077,V0167,2025-11-06,1288.92,Paid,0
T002078,V0347,2026-02-04,899.12,Paid,0
T002079,V0379,2025-09-12,7197.16,Paid,0
T002080,V0482,2026-05-13,1484.95,Paid,0
T002081,V0341,2025-11-27,14526.89,Paid,0
T002082,V0099,2026-04-10,6612.01,Pending,0
T002083,V0182,2026-06-30,14088.65,Paid,0
T002084,V0198,2026-05-07,1950.04,Paid,0
T002085,V0458,2025-10-25,2902.33,Paid,0
T002086,V0472,2026-06-23,70406.36,Paid,0
T002087,V0203,2026-02-10,4505.44,Paid,0
T002088,V0177,2025-09-26,2410.64,Paid,0
T002089,V0135,2026-02-03,497.61,Pending,0
T002090,V0353,2025-08-02,4200.19,Paid,0
T002091,V0055,2025-07-07,13036.35,Paid,0
T002092,V0165,2025-10-31,7284.8,Disputed,0
T002093,V0263,2026-06-03,1375.17,Paid,0
T002094,V0297,2026-02-02,23923.25,Disputed,0
T002095,V0247,2026-04-22,98880.31,Paid,0
T002096,V0349,2025-09-08,2274.45,Pending,0
T002097,V0307,2026-04-02,12856.51,Paid,0
T002098,V0464,2025-10-12,47444.86,Paid,0
T002099,V0121,2025-10-29,5896.7,Disputed,0
T002100,V0338,2026-04-07,4914.17,Pending,0
T002101,V0291,2025-10-15,5100.53,Pending,0
T002102,V0086,2025-09-12,10400.91,Paid,0
T002103,V0466,2025-07-15,5175.15,Paid,0
T002104,V0411,2026-06-11,14823.38,Paid,1
T002105,V0191,2026-01-12,13392.51,Paid,0
T002106,V0284,2025-11-25,7119.04,Paid,0
T002107,V0248,2025-11-18,2296.46,Paid,0
T002108,V0100,2025-12-08,159.73,Paid,0
T002109,V0405,2025-08-19,18992.77,Paid,0
T002110,V0418,2025-11-19,7166.38,Paid,0
T002111,V0353,2025-07-23,9897.32,Paid,0
T002112,V0332,2026-01-17,20454.27,Paid,0
T002113,V0431,2025-10-23,4071.6,Paid,0
T002114,V0470,2026-04-28,1146.48,Paid,0
T002115,V0189,2026-04-13,14708.94,Paid,0
T002116,V0073,2026-01-09,5945.77,Paid,0
T002117,V0311,2026-02-20,20944.12,Paid,0
T002118,V0267,2026-05-21,6630.02,Paid,0
T002119,V0249,2026-05-10,17558.65,Paid,0
T002120,V0292,2026-02-17,6376.59,Paid,0
T002121,V0452,2026-06-24,13205.82,Paid,0
T002122,V0296,2026-04-12,77516.87,Paid,1
T002123,V0003,2026-04-18,3405.75,Paid,0
T002124,V0172,2026-03-18,4128.32,Paid,0
T002125,V0071,2026-03-06,1441.43,Paid,0
T002126,V0345,2026-05-26,5834.96,Paid,0
T002127,V0482,2025-09-08,4074.38,Pending,0
T002128,V0172,2026-03-19,7202.5,Pending,0
T002129,V0468,2025-11-12,11359.45,Paid,0
T002130,V0284,2025-12-24,9830.21,Paid,0
T002131,V0223,2026-03-15,748.29,Paid,0
T002132,V0376,2025-07-25,857.7,Pending,0
T002133,V0210,2025-11-17,36385.02,Paid,0
T002134,V0434,2026-02-25,65544.75,Pending,0
T002135,V0144,2025-07-02,625.6,Pending,0
T002136,V0265,2025-10-01,1630.7,Paid,0
T002137,V0215,2025-08-06,88.31,Paid,0
T002138,V0192,2025-07-03,4687.76,Paid,0
T002139,V0358,2025-07-30,490.19,Paid,0
T002140,V0433,2026-02-22,11285.32,Paid,0
T002141,V0451,2025-07-22,10489.31,Paid,0
T002142,V0028,2026-04-17,3057.16,Paid,0
T002143,V0003,2026-03-04,696.24,Paid,0
T002144,V0259,2026-04-19,23461.32,Paid,0
T002145,V0416,2026-05-26,668.9,Paid,0
T002146,V0294,2025-10-17,21851.57,Paid,0
T002147,V0490,2026-02-26,14604.63,Disputed,0
T002148,V0407,2026-03-20,1740.77,Paid,0
T002149,V0395,2025-08-05,924.53,Paid,0
T002150,V0340,2026-05-08,2353.11,Pending,0
T002151,V0110,2025-12-31,3591.78,Paid,0
T002152,V0447,2025-09-15,4012.72,Disputed,0
T002153,V0223,2025-07-19,14286.29,Paid,0
T002154,V0368,2025-11-05,5003.66,Paid,0
T002155,V0117,2026-01-11,39688.44,Paid,0
T002156,V0025,2025-12-16,2394.53,Paid,0
T002157,V0026,2026-01-17,2030.65,Paid,0
T002158,V0204,2025-09-19,2071.31,Paid,0
T002159,V0277,2025-12-17,20548.34,Paid,0
T002160,V0159,2025-07-14,13325.53,Paid,0
T002161,V0043,2025-08-20,4097.35,Paid,0
T002162,V0352,2025-07-09,11893.97,Paid,0
T002163,V0091,2025-09-24,8444.71,Pending,0
T002164,V0162,2025-11-14,8269.53,Paid,0
T002165,V0043,2026-06-06,1034.71,Paid,0
T002166,V0290,2025-12-29,1198.79,Pending,0
T002167,V0041,2025-12-10,1495.82,Paid,0
T002168,V0450,2025-12-24,8997.08,Paid,0
T002169,V0017,2026-02-09,4543.44,Paid,0
T002170,V0238,2026-04-30,28565.01,Paid,0
T002171,V0188,2026-05-25,39147.67,Disputed,1
T002172,V0319,2025-10-18,24088.8,Paid,0
T002173,V0390,2025-11-22,498.68,Pending,0
T002174,V0490,2025-10-21,29036.04,Pending,0
T002175,V0492,2026-04-05,1201.02,Paid,0
T002176,V0291,2025-12-21,1300.69,Paid,0
T002177,V0494,2026-03-06,7292.35,Paid,0
T002178,V0220,2026-04-06,474.44,Paid,0
T002179,V0023,2026-06-21,4951.75,Pending,0
T002180,V0112,2026-06-04,1052.2,Pending,0
T002181,V0011,2025-07-01,3052.76,Paid,0
T002182,V0172,2025-12-14,1617.73,Paid,0
T002183,V0201,2025-10-02,1898.3,Paid,0
T002184,V0322,2025-10-03,12181.36,Paid,0
T002185,V0114,2025-12-04,16829.03,Paid,1
T002186,V0330,2026-01-31,904.28,Paid,0
T002187,V0212,2026-03-18,2977.88,Paid,0
T002188,V0004,2025-11-21,20548.59,Pending,0
T002189,V0172,2026-04-14,2160.94,Paid,0
T002190,V0304,2026-04-29,12655.3,Paid,0
T002191,V0432,2025-10-31,1822.36,Paid,0
T002192,V0356,2025-09-10,4197.86,Paid,0
T002193,V0238,2025-07-12,8397.1,Paid,0
T002194,V0411,2025-12-23,14190.1,Paid,0
T002195,V0097,2026-02-05,8766.9,Paid,0
T002196,V0339,2025-09-25,5255.48,Paid,0
T002197,V0003,2026-06-16,3445.09,Paid,0
T002198,V0224,2025-10-16,5584.82,Paid,0
T002199,V0451,2025-12-07,6693.71,Paid,0
T002200,V0354,2025-08-17,2730.21,Paid,0
T002201,V0396,2025-12-20,33596.1,Paid,0
T002202,V0440,2025-10-18,6692.07,Paid,0
T002203,V0089,2026-03-17,3042.49,Paid,0
T002204,V0087,2026-03-01,6764.43,Paid,0
T002205,V0430,2025-10-25,19597.32,Pending,0
T002206,V0383,2025-08-25,65772.82,Paid,0
T002207,V0345,2025-09-02,41549.57,Paid,0
T002208,V0026,2025-11-18,2260.28,Paid,0
T002209,V0436,2025-09-03,8295.48,Paid,0
T002210,V0461,2025-09-04,4982.93,Paid,0
T002211,V0203,2025-10-08,162790.79,Paid,0
T002212,V0204,2026-04-25,603.57,Paid,0
T002213,V0012,2026-05-29,651.28,Pending,0
T002214,V0352,2025-08-06,4371.62,Pending,0
T002215,V0082,2026-04-24,17591.89,Paid,0
T002216,V0135,2025-11-03,118600.19,Paid,0
T002217,V0199,2026-01-16,753.11,Paid,0
T002218,V0061,2026-01-30,4613.24,Paid,0
T002219,V0189,2026-01-29,3346.73,Paid,0
T002220,V0359,2026-01-17,5157.01,Paid,0
T002221,V0147,2025-11-07,2989.54,Paid,0
T002222,V0101,2026-06-15,648.14,Paid,0
T002223,V0177,2025-07-04,1479.39,Paid,0
T002224,V0434,2025-09-24,3021.76,Paid,0
T002225,V0496,2025-09-13,317.56,Pending,0
T002226,V0379,2025-12-22,53010.06,Paid,0
T002227,V0052,2026-06-12,5284.15,Paid,0
T002228,V0377,2026-03-09,70104.02,Paid,0
T002229,V0319,2026-01-24,1613.15,Paid,0
T002230,V0044,2026-06-01,10539.32,Paid,0
T002231,V0174,2025-10-30,23067.77,Disputed,0
T002232,V0456,2026-01-03,9230.02,Paid,0
T002233,V0487,2025-10-11,8050.22,Paid,0
T002234,V0343,2026-03-27,4908.8,Paid,0
T002235,V0443,2026-02-24,14716.36,Paid,0
T002236,V0256,2025-12-16,16120.51,Paid,0
T002237,V0138,2026-05-21,3000.53,Paid,0
T002238,V0289,2026-02-26,1805.73,Paid,0
T002239,V0414,2025-08-01,841.94,Paid,0
T002240,V0147,2026-01-05,837.7,Paid,0
T002241,V0482,2025-12-03,5455.17,Paid,0
T002242,V0074,2025-12-12,14682.85,Paid,0
T002243,V0229,2025-10-01,2423.76,Paid,0
T002244,V0061,2025-11-13,2055.91,Paid,0
T002245,V0342,2025-11-12,11717.65,Pending,0
T002246,V0482,2026-01-28,14584.97,Paid,0
T002247,V0368,2025-07-28,4052.2,Paid,0
T002248,V0054,2026-06-13,18024.69,Paid,0
T002249,V0183,2025-09-23,1849.92,Paid,0
T002250,V0048,2026-04-11,2633.5,Disputed,0
T002251,V0144,2025-09-28,888.54,Paid,0
T002252,V0433,2026-06-13,15137.7,Paid,0
T002253,V0330,2025-09-21,19451.79,Paid,0
T002254,V0380,2025-09-13,1480.35,Paid,0
T002255,V0205,2026-06-14,2918.95,Paid,0
T002256,V0467,2025-07-31,7094.44,Paid,0
T002257,V0418,2025-09-16,1984.41,Paid,0
T002258,V0013,2025-09-15,4349.54,Paid,0
T002259,V0096,2025-12-10,2757.8,Paid,0
T002260,V0310,2025-12-01,1054.09,Paid,0
T002261,V0112,2026-01-19,5928.72,Disputed,0
T002262,V0466,2025-07-17,1991.91,Paid,0
T002263,V0079,2026-03-22,10973.18,Paid,0
T002264,V0096,2026-04-20,213673.05,Paid,0
T002265,V0369,2026-01-07,27699.67,Paid,0
T002266,V0110,2025-10-28,1818.02,Paid,0
T002267,V0117,2026-06-23,67359.89,Paid,0
T002268,V0148,2026-01-02,76447.86,Paid,0
T002269,V0114,2025-12-28,2095.45,Paid,0
T002270,V0498,2025-07-17,4534.5,Disputed,0
T002271,V0024,2026-03-18,727.19,Paid,0
T002272,V0259,2025-09-19,13225.36,Paid,0
T002273,V0064,2025-09-17,3343.57,Paid,0
T002274,V0284,2025-10-21,41628.31,Disputed,0
T002275,V0362,2025-08-14,44196.35,Paid,0
T002276,V0473,2026-06-27,18976.35,Paid,0
T002277,V0103,2025-12-13,4076.87,Disputed,0
T002278,V0494,2025-10-18,1761.05,Paid,0
T002279,V0055,2026-05-07,35662.31,Paid,0
T002280,V0351,2026-05-19,14091.87,Paid,0
T002281,V0194,2025-10-01,36982.15,Paid,0
T002282,V0336,2025-07-25,17474.65,Paid,0
T002283,V0246,2025-11-02,5453.96,Paid,0
T002284,V0054,2025-10-28,1124.5,Paid,0
T002285,V0288,2025-12-12,489.48,Paid,0
T002286,V0205,2025-10-25,9031.3,Paid,0
T002287,V0161,2025-11-18,1788.1,Pending,0
T002288,V0338,2025-08-03,2826.64,Paid,0
T002289,V0290,2026-06-09,14692.13,Paid,1
T002290,V0370,2026-01-08,6512.84,Paid,0
T002291,V0184,2025-10-02,7562.3,Paid,0
T002292,V0070,2026-06-03,1184.88,Paid,0
T002293,V0385,2026-02-05,64069.61,Paid,0
T002294,V0233,2026-01-23,4600.96,Pending,0
T002295,V0119,2025-08-09,1281.5,Paid,0
T002296,V0236,2025-12-20,5762.28,Paid,0
T002297,V0431,2026-05-22,9788.38,Paid,0
T002298,V0395,2026-01-11,2961.45,Paid,0
T002299,V0403,2026-04-22,7345.93,Paid,0
T002300,V0062,2026-04-26,17744.17,Disputed,0
T002301,V0289,2026-05-23,1279.14,Paid,0
T002302,V0001,2025-09-09,3186.88,Paid,0
T002303,V0341,2026-02-07,4854.82,Paid,0
T002304,V0159,2025-08-14,3861.46,Paid,0
T002305,V0018,2025-11-08,3476.15,Paid,0
T002306,V0020,2026-04-27,7385.84,Paid,0
T002307,V0057,2026-05-21,6278.09,Paid,0
T002308,V0165,2025-10-13,880.17,Paid,0
T002309,V0189,2025-12-26,673.07,Paid,0
T002310,V0219,2025-11-30,2462.24,Paid,0
T002311,V0269,2026-05-13,25074.67,Paid,0
T002312,V0337,2026-02-07,22027.66,Paid,0
T002313,V0403,2025-08-06,13474.78,Paid,0
T002314,V0309,2026-04-27,1029.95,Pending,0
T002315,V0133,2025-11-18,6393.99,Paid,0
T002316,V0210,2025-11-12,72591.83,Paid,0
T002317,V0304,2025-12-15,4921.6,Paid,0
T002318,V0112,2026-04-20,11725.54,Paid,0
T002319,V0440,2025-11-15,1569.89,Disputed,0
T002320,V0390,2026-04-18,4275.61,Pending,0
T002321,V0390,2025-07-22,4571.37,Paid,0
T002322,V0147,2026-05-18,11590.37,Paid,0
T002323,V0068,2025-09-02,1638.07,Paid,0
T002324,V0033,2025-09-13,9811.9,Paid,0
T002325,V0460,2025-12-29,2540.1,Paid,0
T002326,V0201,2025-10-05,2661.37,Paid,0
T002327,V0002,2026-04-10,458.36,Paid,0
T002328,V0362,2025-12-31,5742.53,Paid,0
T002329,V0114,2025-08-12,5585.85,Pending,0
T002330,V0098,2026-01-24,404.29,Pending,0
T002331,V0100,2025-12-05,4337.71,Paid,0
T002332,V0010,2025-12-01,1522.38,Paid,0
T002333,V0355,2026-06-10,16274.65,Paid,0
T002334,V0017,2026-04-08,17237.91,Paid,0
T002335,V0144,2026-01-11,3731.04,Paid,0
T002336,V0020,2025-12-01,1755.16,Paid,0
T002337,V0406,2026-01-03,34125.57,Paid,0
T002338,V0093,2026-02-14,46015.63,Paid,0
T002339,V0102,2025-10-10,7240.54,Paid,0
T002340,V0206,2026-04-19,15963.05,Paid,0
T002341,V0240,2026-02-10,10045.69,Pending,0
T002342,V0006,2026-02-09,13309.68,Paid,0
T002343,V0385,2025-12-08,448.2,Paid,0
T002344,V0108,2025-07-28,5894.39,Paid,0
T002345,V0111,2025-11-15,1784.68,Paid,0
T002346,V0498,2026-04-23,4309.71,Paid,0
T002347,V0150,2025-07-26,74431.32,Paid,0
T002348,V0453,2026-04-05,3288.99,Pending,0
T002349,V0329,2026-05-21,9659.11,Paid,0
T002350,V0403,2026-05-03,1949.33,Paid,0
T002351,V0447,2026-02-10,373.45,Paid,0
T002352,V0447,2025-08-01,1595.39,Disputed,0
T002353,V0401,2026-06-17,2639.96,Paid,0
T002354,V0469,2026-03-16,9255.89,Paid,0
T002355,V0097,2026-02-16,95071.72,Paid,0
T002356,V0044,2025-08-13,3992.23,Paid,0
T002357,V0353,2026-04-09,416.2,Paid,0
T002358,V0457,2025-08-06,4380.05,Paid,0
T002359,V0019,2026-05-18,65241.67,Paid,0
T002360,V0318,2026-05-12,1950.66,Paid,0
T002361,V0460,2025-08-25,4829.79,Paid,0
T002362,V0199,2025-11-07,1263.55,Paid,0
T002363,V0439,2025-11-25,1903.36,Paid,0
T002364,V0351,2025-11-10,9119.57,Paid,0
T002365,V0100,2025-06-30,60901.94,Paid,0
T002366,V0155,2026-02-11,259.18,Paid,0
T002367,V0473,2025-12-16,549.85,Paid,0
T002368,V0192,2026-05-10,32180.62,Paid,0
T002369,V0393,2025-12-07,471.35,Paid,0
T002370,V0463,2025-10-01,2501.37,Pending,0
T002371,V0307,2025-12-09,3707.83,Paid,0
T002372,V0164,2025-09-25,1375.74,Paid,0
T002373,V0454,2026-01-20,3310.86,Paid,0
T002374,V0335,2026-01-04,54542.73,Paid,0
T002375,V0037,2025-12-12,11218.81,Paid,0
T002376,V0388,2026-06-05,11027.01,Paid,0
T002377,V0369,2025-09-16,7502.27,Paid,0
T002378,V0392,2025-09-30,843.26,Paid,0
T002379,V0264,2025-07-13,10753.66,Paid,0
T002380,V0055,2025-10-22,23154.91,Paid,0
T002381,V0274,2025-10-22,8798.08,Paid,0
T002382,V0436,2025-09-15,14459.5,Paid,0
T002383,V0453,2025-08-26,14748.02,Paid,0
T002384,V0275,2026-03-12,1221.51,Paid,0
T002385,V0159,2025-12-03,196548.04,Paid,0
T002386,V0199,2025-09-28,6891.2,Paid,0
T002387,V0269,2026-03-02,2010.37,Paid,0
T002388,V0199,2026-05-22,63.48,Paid,0
T002389,V0382,2025-08-29,11319.2,Paid,0
T002390,V0058,2026-05-08,12124.8,Paid,0
T002391,V0354,2025-08-01,2303.55,Paid,0
T002392,V0249,2026-03-18,50033.05,Pending,0
T002393,V0047,2026-02-26,23715.03,Paid,0
T002394,V0313,2026-04-30,23987.03,Paid,0
T002395,V0083,2026-03-20,8397.52,Paid,0
T002396,V0449,2026-02-06,4061.34,Paid,0
T002397,V0002,2025-07-31,17902.51,Paid,0
T002398,V0447,2025-08-18,2958.87,Paid,0
T002399,V0121,2026-04-07,5723.31,Paid,0
T002400,V0088,2026-06-02,86943.58,Paid,0
T002401,V0274,2026-06-22,1962.25,Pending,0
T002402,V0440,2025-10-24,858.52,Pending,0
T002403,V0257,2026-05-08,88231.68,Paid,0
T002404,V0418,2026-03-04,2042.72,Paid,0
T002405,V0453,2026-05-19,65389.39,Paid,0
T002406,V0127,2026-02-07,178467.49,Disputed,0
T002407,V0098,2025-09-17,32322.35,Paid,0
T002408,V0312,2025-09-16,604.57,Disputed,0
T002409,V0179,2025-10-03,3890.53,Paid,0
T002410,V0167,2026-06-27,11048.3,Paid,0
T002411,V0049,2026-05-29,106350.42,Paid,0
T002412,V0479,2026-04-01,7176.08,Paid,0
T002413,V0039,2026-05-14,505.17,Paid,0
T002414,V0471,2026-03-14,10120.95,Paid,0
T002415,V0274,2026-05-25,679.77,Paid,0
T002416,V0377,2026-06-10,31752.21,Paid,0
T002417,V0421,2026-01-20,6934.37,Paid,0
T002418,V0425,2025-08-17,1018.33,Paid,0
T002419,V0290,2025-09-21,3028.16,Paid,0
T002420,V0326,2025-07-04,55361.96,Paid,0
T002421,V0312,2025-07-11,3448.89,Paid,0
T002422,V0217,2026-04-28,26550.86,Paid,0
T002423,V0203,2026-03-05,17107.76,Paid,0
T002424,V0287,2025-12-27,97109.29,Paid,0
T002425,V0489,2026-03-17,750.77,Paid,0
T002426,V0211,2026-02-21,5559.28,Paid,0
T002427,V0275,2026-03-30,1069.43,Paid,0
T002428,V0136,2025-11-25,585.45,Paid,0
T002429,V0413,2026-01-17,18780.85,Paid,0
T002430,V0017,2025-09-21,776.15,Pending,0
T002431,V0010,2026-04-04,938.27,Paid,0
T002432,V0395,2025-10-21,6104.85,Paid,0
T002433,V0248,2025-12-03,11758.05,Paid,0
T002434,V0243,2025-11-11,111526.7,Paid,0
T002435,V0444,2025-10-29,12055.94,Paid,1
T002436,V0177,2026-01-15,13982.86,Pending,0
T002437,V0306,2025-12-29,7005.84,Paid,0
T002438,V0150,2025-08-18,8938.1,Paid,0
T002439,V0278,2026-06-05,3363.07,Paid,0
T002440,V0370,2025-07-09,10790.5,Pending,0
T002441,V0412,2025-07-17,1583.65,Paid,0
T002442,V0139,2025-11-28,551.82,Paid,0
T002443,V0341,2025-12-22,58349.74,Paid,0
T002444,V0192,2025-09-22,2988.61,Paid,0
T002445,V0060,2025-12-12,61958.93,Paid,0
T002446,V0162,2026-02-02,10822.52,Paid,0
T002447,V0005,2025-12-16,8123.14,Paid,0
T002448,V0158,2026-03-02,19576.97,Paid,0
T002449,V0191,2026-05-01,1506.4,Paid,0
T002450,V0419,2025-10-26,5541.96,Paid,0
T002451,V0071,2025-11-24,2657.6,Paid,0
T002452,V0442,2026-05-01,2338.86,Pending,0
T002453,V0035,2026-02-26,282.18,Disputed,0
T002454,V0254,2025-09-18,3846.74,Paid,0
T002455,V0317,2025-12-24,7824.13,Paid,0
T002456,V0093,2026-04-25,8006.71,Paid,0
T002457,V0440,2025-12-07,4969.55,Paid,0
T002458,V0029,2025-12-19,41064.88,Paid,0
T002459,V0307,2025-08-16,1697.17,Paid,0
T002460,V0188,2026-05-22,242.5,Pending,0
T002461,V0375,2025-11-28,4252.97,Paid,0
T002462,V0293,2026-02-20,1779.63,Paid,0
T002463,V0171,2025-10-26,4627.7,Paid,0
T002464,V0112,2026-01-31,8910.99,Pending,0
T002465,V0094,2026-02-03,42268.84,Pending,0
T002466,V0416,2026-04-11,24575.35,Paid,1
T002467,V0162,2026-06-15,4065.63,Paid,0
T002468,V0475,2025-12-14,14225.37,Paid,0
T002469,V0052,2026-03-19,5846.6,Paid,0
T002470,V0150,2025-11-19,28626.46,Paid,0
T002471,V0194,2025-09-21,7105.93,Disputed,0
T002472,V0115,2025-10-15,11759.19,Paid,0
T002473,V0193,2026-05-18,12789.09,Paid,0
T002474,V0301,2026-04-20,6077.29,Paid,0
T002475,V0305,2026-04-09,17098.97,Paid,1
T002476,V0351,2026-06-27,3217.31,Paid,0
T002477,V0340,2026-03-24,2425.63,Paid,0
T002478,V0377,2026-03-20,12648.5,Pending,0
T002479,V0344,2026-05-10,17868.23,Paid,0
T002480,V0449,2026-01-05,1188.61,Paid,0
T002481,V0485,2026-03-22,196961.45,Paid,0
T002482,V0226,2026-04-24,4048.36,Paid,0
T002483,V0324,2025-08-06,14716.91,Paid,0
T002484,V0465,2026-02-16,29153.82,Paid,0
T002485,V0271,2025-11-30,19049.27,Paid,0
T002486,V0137,2025-10-13,2326.89,Disputed,0
T002487,V0268,2025-08-22,7480.8,Paid,0
T002488,V0435,2026-03-31,4706.49,Pending,0
T002489,V0296,2025-07-05,38687.25,Paid,0
T002490,V0294,2026-05-18,3602.29,Paid,0
T002491,V0442,2026-02-02,57443.44,Paid,0
T002492,V0046,2026-05-17,15529.85,Paid,0
T002493,V0387,2026-02-22,16065.98,Paid,0
T002494,V0383,2025-08-31,1485.09,Paid,0
T002495,V0491,2026-03-29,596.99,Paid,0
T002496,V0444,2025-12-08,3048.74,Paid,0
T002497,V0354,2026-03-28,2022.44,Paid,0
T002498,V0063,2025-07-21,2824.28,Paid,0
T002499,V0237,2025-10-13,388.68,Paid,0
T002500,V0272,2026-03-11,266.22,Paid,0
T002501,V0112,2026-06-18,1338.25,Paid,0
T002502,V0181,2025-10-31,831.24,Pending,0
T002503,V0385,2026-02-05,337.0,Paid,0
T002504,V0045,2026-05-29,2571.04,Paid,0
T002505,V0291,2025-10-03,959.53,Paid,0
T002506,V0127,2026-01-17,52951.75,Paid,0
T002507,V0094,2026-02-18,9055.29,Paid,0
T002508,V0091,2026-03-23,200.99,Paid,0
T002509,V0458,2025-08-22,13057.93,Paid,0
T002510,V0457,2025-10-12,220.28,Paid,0
T002511,V0425,2025-11-12,852.38,Paid,0
T002512,V0287,2026-04-05,1932.59,Paid,0
T002513,V0069,2026-03-17,16546.77,Paid,0
T002514,V0060,2026-03-27,10885.92,Paid,0
T002515,V0012,2026-04-20,1727.7,Paid,0
T002516,V0356,2026-06-02,49904.37,Paid,0
T002517,V0089,2025-09-26,5205.39,Paid,0
T002518,V0233,2025-11-15,409.05,Paid,0
T002519,V0169,2026-04-01,14661.21,Paid,0
T002520,V0137,2025-10-08,2720.76,Paid,0
T002521,V0034,2026-03-16,4745.7,Paid,0
T002522,V0493,2026-03-19,2058.44,Paid,0
T002523,V0231,2025-07-07,11772.22,Paid,0
T002524,V0319,2025-08-26,25115.35,Paid,0
T002525,V0215,2025-07-11,2071.92,Paid,0
T002526,V0086,2025-07-20,2436.3,Paid,0
T002527,V0231,2026-02-21,1477.48,Paid,0
T002528,V0363,2026-06-18,4765.3,Paid,0
T002529,V0111,2025-09-19,1225.12,Paid,0
T002530,V0366,2026-05-11,5791.46,Paid,0
T002531,V0478,2026-04-20,3737.32,Disputed,0
T002532,V0432,2025-11-29,64187.2,Paid,1
T002533,V0345,2025-10-17,2050.94,Paid,0
T002534,V0019,2025-10-06,1834.82,Paid,0
T002535,V0026,2026-02-28,3445.41,Pending,0
T002536,V0399,2025-07-17,905.48,Paid,0
T002537,V0411,2026-01-28,8707.37,Paid,0
T002538,V0279,2026-04-24,894.83,Paid,0
T002539,V0031,2025-08-18,4845.98,Paid,0
T002540,V0007,2025-07-13,12267.99,Paid,0
T002541,V0399,2025-07-17,7688.88,Paid,0
T002542,V0417,2026-01-10,9143.99,Paid,0
T002543,V0200,2026-03-10,1852.78,Paid,0
T002544,V0446,2026-06-28,63607.73,Disputed,0
T002545,V0057,2026-04-17,154443.28,Paid,1
T002546,V0028,2025-09-12,126392.54,Paid,0
T002547,V0463,2025-09-05,2022.74,Paid,0
T002548,V0176,2025-09-30,932.49,Paid,0
T002549,V0376,2026-06-05,18550.21,Paid,0
T002550,V0409,2026-02-27,107900.84,Paid,1
T002551,V0321,2025-12-27,2777.87,Paid,0
T002552,V0334,2026-02-23,6990.78,Disputed,0
T002553,V0347,2025-09-06,2117.49,Paid,0
T002554,V0180,2025-08-26,3549.1,Paid,0
T002555,V0164,2026-03-31,16895.75,Paid,0
T002556,V0451,2026-01-23,82873.32,Paid,0
T002557,V0285,2026-02-04,5202.21,Paid,0
T002558,V0031,2025-07-04,4918.0,Paid,0
T002559,V0384,2025-10-26,3189.7,Disputed,0
T002560,V0057,2026-04-18,1007.43,Paid,0
T002561,V0224,2025-11-30,782.04,Paid,0
T002562,V0478,2025-10-11,30000.71,Disputed,0
T002563,V0143,2026-04-02,1834.54,Disputed,0
T002564,V0259,2025-09-18,567.8,Paid,0
T002565,V0222,2025-10-03,349.33,Paid,0
T002566,V0444,2025-07-07,2970.32,Paid,0
T002567,V0002,2025-07-31,1175.95,Disputed,0
T002568,V0233,2025-10-30,40078.62,Paid,1
T002569,V0291,2025-08-15,1598.62,Paid,0
T002570,V0072,2026-06-15,4021.42,Paid,0
T002571,V0273,2026-04-21,39924.59,Paid,0
T002572,V0278,2025-12-19,34416.71,Paid,0
T002573,V0126,2025-07-20,5510.96,Paid,0
T002574,V0050,2025-11-02,1350.99,Paid,0
T002575,V0133,2025-12-15,4976.36,Paid,0
T002576,V0499,2025-07-09,1792.37,Paid,0
T002577,V0186,2025-10-12,2819.26,Paid,0
T002578,V0165,2026-01-08,1171.14,Pending,0
T002579,V0222,2026-02-11,62087.77,Paid,0
T002580,V0260,2025-09-15,5320.86,Disputed,0
T002581,V0077,2026-01-16,781.1,Paid,0
T002582,V0135,2026-06-17,3019.68,Pending,0
T002583,V0327,2025-10-06,3817.21,Paid,0
T002584,V0233,2025-07-08,5810.96,Paid,0
T002585,V0060,2026-06-16,3984.22,Paid,0
T002586,V0168,2025-12-24,6106.41,Paid,0
T002587,V0453,2025-07-16,348.07,Paid,0
T002588,V0210,2025-07-12,2386.38,Paid,0
T002589,V0451,2025-09-27,6821.81,Paid,0
T002590,V0464,2025-11-12,3902.96,Paid,0
T002591,V0375,2025-11-09,949.7,Paid,0
T002592,V0091,2025-09-11,35517.05,Paid,0
T002593,V0197,2025-07-12,1812.11,Paid,0
T002594,V0105,2025-12-05,4802.59,Paid,0
T002595,V0216,2025-08-11,4741.28,Pending,0
T002596,V0388,2025-08-20,9756.26,Disputed,0
T002597,V0202,2026-02-16,81972.85,Paid,0
T002598,V0358,2026-01-20,2745.04,Pending,0
T002599,V0453,2026-01-25,22389.92,Paid,0
T002600,V0320,2025-11-27,3371.61,Paid,0
T002601,V0328,2025-10-14,3480.81,Paid,0
T002602,V0262,2025-12-02,4928.46,Paid,0
T002603,V0121,2025-12-07,2522.4,Paid,0
T002604,V0194,2026-04-06,1922.49,Paid,0
T002605,V0222,2025-11-06,13491.12,Paid,0
T002606,V0403,2025-09-26,712.25,Paid,0
T002607,V0330,2025-08-14,10014.66,Paid,0
T002608,V0101,2026-04-05,6363.7,Paid,0
T002609,V0343,2026-02-04,2151.13,Paid,0
T002610,V0257,2026-03-14,70649.46,Paid,0
T002611,V0411,2026-01-30,4963.43,Paid,1
T002612,V0023,2025-10-01,3343.66,Paid,0
T002613,V0372,2025-10-03,8324.64,Disputed,0
T002614,V0218,2025-07-02,13668.83,Paid,0
T002615,V0329,2026-03-15,8380.67,Paid,0
T002616,V0319,2026-05-05,1259.01,Paid,0
T002617,V0471,2026-02-28,13239.67,Paid,0
T002618,V0051,2026-04-27,127368.01,Paid,0
T002619,V0384,2025-08-22,14654.5,Paid,0
T002620,V0367,2026-05-11,10078.47,Paid,0
T002621,V0326,2026-02-23,15523.08,Paid,0
T002622,V0062,2025-08-08,1400.69,Paid,0
T002623,V0362,2025-08-30,7561.03,Paid,0
T002624,V0002,2026-02-26,957.18,Paid,0
T002625,V0240,2025-08-26,432.74,Paid,0
T002626,V0458,2025-10-11,164980.06,Disputed,0
T002627,V0129,2026-03-03,4787.71,Paid,0
T002628,V0117,2025-07-20,3954.12,Pending,0
T002629,V0004,2025-10-01,23896.37,Paid,0
T002630,V0188,2025-12-27,302.99,Paid,0
T002631,V0132,2026-06-07,14722.96,Paid,0
T002632,V0203,2025-10-03,3741.02,Paid,0
T002633,V0391,2026-01-11,11023.29,Paid,0
T002634,V0011,2026-01-15,47758.23,Paid,0
T002635,V0354,2025-08-29,23541.95,Pending,0
T002636,V0073,2025-08-14,973.16,Pending,0
T002637,V0422,2025-09-12,18270.15,Disputed,0
T002638,V0489,2026-05-28,5289.19,Paid,0
T002639,V0109,2026-06-24,9617.06,Paid,0
T002640,V0071,2025-11-24,5665.01,Paid,0
T002641,V0155,2025-08-23,20641.18,Paid,0
T002642,V0162,2025-10-25,24025.74,Paid,0
T002643,V0366,2026-04-07,1608.39,Pending,0
T002644,V0315,2025-12-15,1180.13,Paid,0
T002645,V0420,2025-08-29,17367.59,Paid,0
T002646,V0080,2026-03-08,5269.78,Pending,0
T002647,V0063,2025-12-10,4240.4,Paid,0
T002648,V0443,2025-08-25,3120.7,Paid,0
T002649,V0289,2026-03-11,5036.13,Paid,0
T002650,V0481,2026-05-23,6516.28,Paid,0
T002651,V0152,2025-11-26,2710.87,Paid,0
T002652,V0217,2026-02-21,4544.28,Paid,0
T002653,V0236,2025-10-12,596.93,Paid,0
T002654,V0135,2026-05-29,15826.88,Paid,0
T002655,V0250,2025-12-09,9585.31,Paid,1
T002656,V0421,2025-08-06,25501.14,Paid,0
T002657,V0093,2026-01-12,414.85,Paid,0
T002658,V0202,2026-06-15,179766.14,Paid,0
T002659,V0265,2025-11-30,4030.03,Pending,0
T002660,V0350,2025-10-13,93176.81,Paid,0
T002661,V0281,2026-01-21,4073.28,Paid,0
T002662,V0458,2026-03-27,3523.01,Paid,0
T002663,V0459,2026-06-08,49020.15,Pending,0
T002664,V0202,2026-04-28,8293.3,Paid,0
T002665,V0399,2025-10-28,9291.86,Paid,1
T002666,V0396,2025-09-12,4245.59,Disputed,0
T002667,V0168,2026-05-01,21766.53,Paid,0
T002668,V0099,2026-06-14,8545.71,Paid,0
T002669,V0257,2026-04-30,30743.96,Paid,0
T002670,V0224,2025-08-08,22382.94,Paid,0
T002671,V0133,2025-09-13,23962.53,Paid,0
T002672,V0067,2026-02-18,9603.64,Paid,0
T002673,V0330,2025-09-13,4684.48,Paid,0
T002674,V0190,2026-05-29,24812.76,Paid,0
T002675,V0217,2025-09-22,1088.48,Paid,0
T002676,V0059,2025-11-24,1416.56,Paid,0
T002677,V0192,2025-09-27,14028.45,Pending,0
T002678,V0383,2026-01-27,1396.64,Paid,0
T002679,V0217,2026-04-05,8437.28,Disputed,1
T002680,V0205,2025-10-07,2725.95,Paid,0
T002681,V0482,2025-07-16,2629.38,Paid,0
T002682,V0094,2025-11-06,24494.62,Paid,0
T002683,V0414,2026-02-10,1583.97,Disputed,0
T002684,V0469,2026-04-10,8808.99,Paid,0
T002685,V0032,2025-09-18,53182.1,Disputed,0
T002686,V0167,2025-08-24,9059.67,Paid,0
T002687,V0359,2025-09-18,5473.32,Paid,0
T002688,V0199,2025-10-21,3350.22,Paid,0
T002689,V0220,2025-07-30,1012.84,Paid,0
T002690,V0170,2025-09-25,4300.11,Paid,0
T002691,V0106,2026-04-27,4589.15,Paid,0
T002692,V0232,2025-06-30,5064.35,Paid,0
T002693,V0384,2026-03-10,8738.53,Paid,0
T002694,V0305,2025-07-23,1269.72,Paid,0
T002695,V0461,2025-09-18,3131.99,Paid,0
T002696,V0086,2025-11-02,3440.15,Pending,0
T002697,V0413,2025-12-16,1821.36,Paid,0
T002698,V0460,2025-07-17,1626.96,Paid,0
T002699,V0287,2025-11-22,8882.89,Paid,0
T002700,V0099,2025-09-21,2553.71,Paid,0
T002701,V0068,2025-07-03,8912.5,Paid,0
T002702,V0065,2025-11-14,9577.55,Paid,0
T002703,V0400,2025-12-17,13283.27,Paid,0
T002704,V0315,2025-09-06,1440.86,Paid,0
T002705,V0159,2026-04-27,3405.43,Paid,0
T002706,V0305,2025-11-14,10726.5,Paid,0
T002707,V0408,2025-08-19,6323.4,Paid,0
T002708,V0052,2026-03-03,1628.23,Paid,0
T002709,V0487,2025-11-17,4559.13,Paid,0
T002710,V0205,2025-11-05,319.29,Paid,0
T002711,V0318,2026-02-02,9483.35,Pending,0
T002712,V0162,2025-09-08,2486.35,Paid,0
T002713,V0354,2025-10-25,18768.79,Paid,0
T002714,V0369,2025-09-09,342.06,Paid,0
T002715,V0026,2026-03-21,25309.14,Paid,0
T002716,V0134,2026-02-23,6568.87,Paid,0
T002717,V0068,2025-09-16,47525.65,Paid,0
T002718,V0322,2026-06-10,27142.07,Disputed,0
T002719,V0155,2026-04-03,4711.03,Paid,0
T002720,V0295,2025-10-09,22130.89,Paid,0
T002721,V0049,2025-12-30,1089.95,Paid,0
T002722,V0222,2025-11-17,537.07,Paid,0
T002723,V0184,2026-03-26,7543.2,Disputed,0
T002724,V0165,2026-06-23,2366.73,Paid,0
T002725,V0010,2026-03-17,1660.86,Paid,0
T002726,V0186,2025-12-03,7985.4,Paid,0
T002727,V0201,2025-09-24,5773.06,Paid,0
T002728,V0055,2026-03-30,295.96,Paid,0
T002729,V0087,2025-11-30,3702.48,Paid,0
T002730,V0451,2025-09-30,7229.46,Paid,0
T002731,V0126,2025-11-17,490.64,Paid,0
T002732,V0007,2026-05-06,11311.42,Paid,0
T002733,V0021,2025-09-06,6906.87,Paid,0
T002734,V0146,2026-05-27,6564.96,Paid,0
T002735,V0126,2026-01-05,19331.82,Paid,0
T002736,V0429,2026-02-22,50500.35,Paid,1
T002737,V0338,2025-07-19,2697.23,Paid,0
T002738,V0215,2025-07-28,4399.75,Paid,0
T002739,V0363,2026-03-26,43182.47,Paid,1
T002740,V0103,2025-11-15,3532.71,Paid,0
T002741,V0115,2026-06-09,368.07,Paid,0
T002742,V0365,2025-08-16,24213.88,Paid,0
T002743,V0200,2025-12-25,259.41,Paid,0
T002744,V0236,2025-09-29,3813.38,Paid,0
T002745,V0487,2026-01-31,2672.07,Paid,0
T002746,V0093,2026-05-15,3129.65,Paid,0
T002747,V0011,2025-08-13,24236.89,Paid,0
T002748,V0154,2026-06-22,2552.72,Paid,0
T002749,V0040,2026-03-11,1653.1,Paid,0
T002750,V0101,2026-03-13,30339.62,Paid,0
T002751,V0006,2025-09-22,3042.72,Paid,0
T002752,V0194,2025-09-08,3116.37,Paid,0
T002753,V0102,2026-03-21,2862.99,Paid,0
T002754,V0491,2025-07-01,6615.35,Paid,0
T002755,V0161,2026-03-03,10868.89,Paid,0
T002756,V0121,2025-12-11,26823.87,Paid,0
T002757,V0400,2025-10-20,4628.53,Paid,0
T002758,V0251,2026-05-27,16879.36,Paid,0
T002759,V0490,2026-03-24,2378.23,Paid,0
T002760,V0043,2026-04-03,27297.4,Pending,0
T002761,V0435,2026-02-24,13737.6,Pending,0
T002762,V0401,2025-08-03,3128.15,Paid,0
T002763,V0419,2026-03-21,19556.96,Paid,0
T002764,V0244,2026-06-21,1321.0,Paid,0
T002765,V0198,2025-07-10,2539.82,Pending,0
T002766,V0018,2025-12-19,17025.46,Paid,0
T002767,V0218,2026-04-29,5054.34,Paid,0
T002768,V0341,2025-10-16,715.52,Pending,0
T002769,V0062,2026-04-06,1353.65,Pending,0
T002770,V0329,2025-11-20,27427.75,Paid,0
T002771,V0332,2026-03-16,3975.04,Paid,0
T002772,V0414,2025-07-23,1652.77,Paid,0
T002773,V0349,2025-09-24,22909.39,Paid,0
T002774,V0247,2026-01-20,35625.39,Paid,0
T002775,V0327,2025-12-01,5991.26,Paid,0
T002776,V0135,2026-05-27,21647.35,Paid,0
T002777,V0443,2026-01-21,10806.3,Paid,0
T002778,V0430,2025-07-31,14112.39,Pending,0
T002779,V0347,2025-07-07,1666.96,Paid,0
T002780,V0429,2026-03-17,37400.46,Paid,0
T002781,V0166,2025-10-12,11545.77,Paid,0
T002782,V0473,2025-07-03,7771.7,Paid,0
T002783,V0208,2026-04-26,17695.25,Paid,0
T002784,V0498,2025-08-13,8516.85,Paid,0
T002785,V0328,2026-05-03,8272.93,Paid,0
T002786,V0215,2026-02-15,785.04,Paid,0
T002787,V0420,2026-04-01,1122.07,Disputed,0
T002788,V0119,2026-04-13,404.92,Paid,0
T002789,V0401,2026-06-20,25575.86,Paid,0
T002790,V0213,2026-02-26,5250.7,Paid,0
T002791,V0329,2025-11-15,16604.82,Paid,0
T002792,V0297,2025-07-26,321.05,Paid,0
T002793,V0472,2026-06-01,5112.05,Paid,0
T002794,V0024,2025-08-27,1967.51,Paid,0
T002795,V0153,2025-07-21,4291.75,Paid,0
T002796,V0017,2026-03-22,61304.12,Paid,0
T002797,V0206,2025-09-14,5840.39,Paid,0
T002798,V0446,2025-11-28,879.67,Paid,0
T002799,V0290,2025-10-02,9301.3,Paid,0
T002800,V0277,2025-07-01,3122.07,Paid,0
T002801,V0458,2026-01-13,13897.64,Paid,0
T002802,V0008,2026-04-11,3684.55,Disputed,0
T002803,V0216,2025-10-07,166411.61,Paid,0
T002804,V0412,2026-04-30,2174.38,Paid,0
T002805,V0268,2026-06-13,77666.24,Paid,1
T002806,V0152,2026-06-03,900.17,Pending,0
T002807,V0080,2025-10-22,4304.59,Pending,0
T002808,V0292,2026-02-16,1420.02,Paid,0
T002809,V0193,2026-05-28,20379.09,Paid,0
T002810,V0392,2026-06-18,2415.61,Paid,0
T002811,V0131,2026-03-13,37499.08,Paid,0
T002812,V0399,2025-11-19,5055.39,Paid,0
T002813,V0232,2026-03-12,1887.66,Paid,0
T002814,V0078,2025-10-09,766.95,Paid,0
T002815,V0497,2026-03-27,2880.56,Paid,0
T002816,V0291,2026-03-05,7978.11,Disputed,0
T002817,V0096,2026-05-05,5281.5,Paid,0
T002818,V0066,2025-07-05,3091.51,Pending,0
T002819,V0292,2026-04-24,3744.47,Paid,0
T002820,V0303,2026-05-03,7682.85,Paid,0
T002821,V0488,2026-04-06,2016.17,Paid,0
T002822,V0498,2026-01-20,6315.9,Paid,0
T002823,V0191,2026-02-07,2411.99,Pending,0
T002824,V0129,2026-05-07,11288.18,Paid,0
T002825,V0098,2026-05-02,3860.81,Paid,0
T002826,V0026,2026-05-30,14914.4,Paid,0
T002827,V0380,2026-05-29,68479.08,Paid,0
T002828,V0289,2025-08-05,2278.27,Paid,0
T002829,V0254,2025-12-11,496.99,Paid,0
T002830,V0303,2026-05-09,6445.71,Paid,0
T002831,V0082,2026-06-06,21238.93,Paid,0
T002832,V0029,2026-03-22,1557.26,Paid,0
T002833,V0249,2026-02-03,245.13,Pending,0
T002834,V0287,2026-05-13,293.3,Disputed,0
T002835,V0398,2026-04-05,2515.36,Paid,0
T002836,V0338,2026-01-02,3988.52,Paid,0
T002837,V0293,2025-12-17,21816.18,Paid,0
T002838,V0127,2025-12-04,4792.21,Paid,0
T002839,V0038,2026-06-01,564.88,Paid,0
T002840,V0007,2025-07-26,4826.61,Paid,0
T002841,V0497,2025-12-26,804.09,Paid,0
T002842,V0092,2025-07-23,1375.42,Paid,0
T002843,V0306,2025-08-05,7709.19,Paid,0
T002844,V0098,2025-11-29,92529.81,Paid,0
T002845,V0434,2026-02-14,1325.4,Paid,0
T002846,V0014,2026-02-12,17835.11,Paid,0
T002847,V0162,2025-08-02,11731.13,Paid,0
T002848,V0312,2025-08-05,31527.85,Paid,0
T002849,V0437,2025-12-29,5656.56,Paid,0
T002850,V0498,2025-11-07,24659.24,Paid,1
T002851,V0374,2025-08-17,361.86,Paid,0
T002852,V0318,2026-01-16,8439.08,Pending,0
T002853,V0025,2026-05-27,4736.65,Paid,0
T002854,V0126,2025-07-06,10557.77,Paid,0
T002855,V0010,2025-11-04,16044.72,Paid,0
T002856,V0412,2026-04-02,1450.79,Paid,0
T002857,V0021,2025-10-30,7257.78,Paid,0
T002858,V0486,2025-11-19,58213.24,Paid,1
T002859,V0078,2026-01-16,1648.02,Disputed,0
T002860,V0196,2025-11-21,24020.46,Paid,0
T002861,V0122,2025-12-22,9055.67,Paid,0
T002862,V0240,2025-11-30,4622.56,Paid,0
T002863,V0497,2025-07-21,6259.69,Paid,0
T002864,V0359,2026-05-10,39646.74,Pending,0
T002865,V0041,2025-08-16,1216.52,Paid,0
T002866,V0142,2026-04-09,3271.42,Paid,0
T002867,V0096,2026-06-01,516.96,Paid,0
T002868,V0233,2026-06-15,29558.1,Pending,1
T002869,V0348,2025-07-03,1483.63,Paid,0
T002870,V0246,2026-06-22,9954.72,Pending,0
T002871,V0459,2025-10-08,670.66,Paid,0
T002872,V0374,2025-11-01,6753.25,Paid,0
T002873,V0209,2025-09-05,14641.12,Paid,0
T002874,V0193,2025-07-01,1196.59,Paid,0
T002875,V0067,2026-01-07,4560.67,Paid,0
T002876,V0199,2026-03-21,3448.85,Paid,0
T002877,V0022,2026-01-18,9893.11,Paid,1
T002878,V0455,2026-05-24,330.26,Paid,0
T002879,V0280,2026-04-26,8188.48,Paid,0
T002880,V0380,2025-10-29,7258.19,Paid,0
T002881,V0174,2025-09-18,34438.56,Paid,0
T002882,V0240,2026-06-21,6664.02,Paid,0
T002883,V0096,2026-01-16,5345.11,Paid,0
T002884,V0470,2026-03-09,2207.1,Disputed,0
T002885,V0023,2025-12-10,1539.63,Paid,0
T002886,V0474,2025-12-15,2378.18,Paid,0
T002887,V0062,2026-04-06,6979.74,Paid,0
T002888,V0454,2025-11-21,13986.79,Pending,0
T002889,V0306,2026-06-16,3451.51,Paid,0
T002890,V0359,2026-01-24,3371.22,Paid,0
T002891,V0216,2025-09-09,2224.7,Paid,0
T002892,V0443,2026-05-23,1169.55,Paid,0
T002893,V0101,2025-12-27,4963.15,Paid,0
T002894,V0003,2025-08-03,3164.22,Paid,0
T002895,V0255,2025-08-17,3080.83,Paid,0
T002896,V0192,2025-09-04,1629.39,Paid,0
T002897,V0158,2026-02-11,5831.33,Paid,0
T002898,V0382,2026-01-03,573.55,Pending,0
T002899,V0470,2026-02-24,6599.25,Paid,0
T002900,V0377,2025-08-09,9931.85,Paid,0
T002901,V0154,2026-01-23,6905.0,Paid,0
T002902,V0121,2025-10-07,4755.79,Paid,0
T002903,V0489,2025-07-03,2783.78,Disputed,0
T002904,V0382,2026-06-20,4450.47,Paid,0
T002905,V0126,2025-07-03,11115.06,Paid,0
T002906,V0185,2026-02-06,4749.79,Paid,0
T002907,V0362,2026-05-05,9007.92,Paid,0
T002908,V0441,2026-01-23,2899.82,Pending,0
T002909,V0165,2025-10-30,150892.02,Pending,0
T002910,V0236,2026-01-08,9833.24,Paid,0
T002911,V0243,2025-10-29,13451.87,Paid,0
T002912,V0174,2026-05-29,1808.83,Paid,0
T002913,V0049,2025-11-05,3916.0,Paid,0
T002914,V0143,2025-11-27,4847.21,Paid,0
T002915,V0312,2025-07-04,19790.86,Pending,0
T002916,V0169,2025-11-14,8289.44,Pending,0
T002917,V0227,2025-12-12,3004.38,Paid,0
T002918,V0492,2025-10-21,3188.1,Pending,0
T002919,V0253,2026-02-15,4446.86,Paid,0
T002920,V0372,2026-03-16,8076.77,Pending,0
T002921,V0374,2026-03-01,871.54,Paid,0
T002922,V0087,2026-05-15,4973.19,Paid,0
T002923,V0422,2025-07-19,24663.47,Paid,0
T002924,V0460,2026-03-10,897.91,Paid,0
T002925,V0389,2026-01-03,5047.36,Paid,0
T002926,V0475,2025-07-01,20737.2,Paid,0
T002927,V0126,2026-06-26,1523.59,Paid,0
T002928,V0434,2026-01-22,1910.18,Paid,0
T002929,V0301,2025-10-14,6832.78,Paid,0
T002930,V0143,2026-05-02,12543.71,Paid,0
T002931,V0018,2026-04-27,847.77,Paid,0
T002932,V0214,2026-02-08,2807.52,Disputed,0
T002933,V0132,2026-01-11,17454.02,Paid,0
T002934,V0334,2025-08-07,360386.03,Paid,0
T002935,V0478,2025-12-20,8839.36,Paid,0
T002936,V0471,2025-09-21,1670.57,Paid,0
T002937,V0469,2025-12-02,22175.93,Pending,0
T002938,V0083,2025-12-21,3115.18,Paid,0
T002939,V0434,2026-03-19,19755.16,Paid,0
T002940,V0231,2026-03-26,13069.31,Paid,0
T002941,V0498,2025-11-25,558.71,Paid,0
T002942,V0375,2025-10-10,9305.64,Paid,0
T002943,V0240,2026-04-20,31227.44,Paid,0
T002944,V0220,2026-06-16,4086.08,Paid,0
T002945,V0453,2026-06-12,154984.23,Pending,0
T002946,V0228,2025-09-16,463.44,Paid,0
T002947,V0043,2026-01-12,3865.75,Paid,0
T002948,V0164,2026-02-15,10362.69,Paid,0
T002949,V0475,2026-03-24,23971.77,Paid,0
T002950,V0253,2025-12-27,5511.27,Paid,1
T002951,V0173,2026-03-23,15957.96,Paid,0
T002952,V0350,2025-07-29,2737.72,Paid,0
T002953,V0079,2025-09-27,401.7,Paid,0
T002954,V0152,2025-07-02,1072.84,Disputed,0
T002955,V0009,2026-03-19,13494.42,Paid,0
T002956,V0024,2026-05-14,1711.04,Paid,0
T002957,V0024,2026-06-20,3222.51,Paid,0
T002958,V0016,2026-05-07,12344.24,Paid,0
T002959,V0297,2025-07-06,7012.67,Paid,0
T002960,V0306,2026-03-05,1472.0,Paid,0
T002961,V0057,2025-10-15,2111.24,Paid,0
T002962,V0469,2025-07-21,4299.76,Paid,0
T002963,V0252,2025-11-30,879.46,Disputed,0
T002964,V0294,2025-11-05,219954.22,Paid,0
T002965,V0281,2025-07-23,2437.48,Pending,0
T002966,V0411,2025-10-27,28133.86,Disputed,0
T002967,V0072,2025-12-17,5579.96,Paid,0
T002968,V0433,2025-12-06,1674.24,Paid,0
T002969,V0236,2026-02-26,1970.74,Paid,0
T002970,V0486,2025-08-27,7348.36,Paid,0
T002971,V0466,2026-06-16,23942.14,Paid,1
T002972,V0430,2026-05-06,1472.16,Paid,0
T002973,V0413,2025-11-18,960.79,Paid,0
T002974,V0087,2026-02-04,11587.56,Paid,0
T002975,V0236,2026-01-31,15516.29,Paid,0
T002976,V0228,2025-10-06,10709.83,Paid,0
T002977,V0337,2026-05-24,576.47,Paid,0
T002978,V0454,2026-01-11,6366.89,Paid,0
T002979,V0478,2026-01-31,18849.58,Paid,0
T002980,V0335,2026-02-27,429.34,Paid,0
T002981,V0078,2025-09-25,640.92,Paid,0
T002982,V0417,2026-02-04,2679.91,Paid,0
T002983,V0327,2026-02-14,1831.78,Paid,0
T002984,V0133,2025-08-05,8520.88,Paid,0
T002985,V0304,2026-03-25,33138.24,Paid,0
T002986,V0384,2025-10-15,4465.92,Paid,0
T002987,V0309,2025-07-29,5997.61,Paid,0
T002988,V0365,2026-05-17,3160.35,Paid,0
T002989,V0282,2026-03-19,14354.28,Paid,1
T002990,V0246,2026-01-20,1305.41,Paid,0
T002991,V0059,2026-05-19,27742.48,Paid,0
T002992,V0046,2026-04-06,36531.65,Paid,0
T002993,V0405,2026-04-02,5378.09,Paid,0
T002994,V0262,2025-09-06,2146.49,Paid,0
T002995,V0448,2025-08-29,354.81,Paid,0
T002996,V0302,2026-04-10,724.8,Paid,0
T002997,V0464,2026-06-26,7250.32,Paid,0
T002998,V0462,2026-02-17,18695.5,Paid,0
T002999,V0168,2026-02-20,5142.01,Paid,0
T003000,V0116,2025-10-05,6251.28,Paid,1
T003001,V0052,2025-09-25,53537.56,Paid,0
T003002,V0169,2025-12-21,13304.37,Paid,0
T003003,V0464,2025-07-16,1880.44,Paid,0
T003004,V0346,2025-10-21,5640.51,Paid,0
T003005,V0189,2026-03-17,5433.36,Paid,0
T003006,V0455,2026-03-04,34762.06,Disputed,0
T003007,V0407,2025-12-12,14061.89,Paid,0
T003008,V0167,2026-05-17,136011.47,Paid,0
T003009,V0381,2025-07-19,7000.28,Paid,0
T003010,V0276,2025-07-27,13992.15,Paid,0
T003011,V0399,2026-05-17,1852.92,Paid,0
T003012,V0243,2026-04-20,11125.51,Paid,0
T003013,V0219,2025-11-29,2246.37,Paid,0
T003014,V0256,2026-03-16,94788.72,Pending,0
T003015,V0188,2026-02-16,8868.95,Paid,0
T003016,V0340,2026-02-09,1334.61,Paid,0
T003017,V0107,2026-06-28,383.05,Paid,0
T003018,V0472,2026-06-26,14584.19,Paid,0
T003019,V0090,2025-11-30,9043.5,Paid,0
T003020,V0276,2025-11-03,57810.05,Paid,1
T003021,V0150,2026-01-12,85860.26,Paid,0
T003022,V0177,2026-05-19,7197.26,Pending,0
T003023,V0250,2025-11-14,7771.47,Paid,0
T003024,V0486,2025-09-20,9538.15,Paid,0
T003025,V0483,2025-11-23,13187.55,Paid,0
T003026,V0358,2025-07-29,9525.84,Paid,0
T003027,V0416,2026-02-15,713.32,Paid,0
T003028,V0441,2025-09-02,5550.21,Paid,0
T003029,V0104,2025-07-14,18074.52,Paid,0
T003030,V0478,2025-07-15,8180.47,Paid,0
T003031,V0060,2026-04-11,24481.92,Paid,0
T003032,V0383,2026-01-09,36592.4,Paid,0
T003033,V0161,2026-01-17,19558.8,Pending,0
T003034,V0069,2025-09-03,264.34,Paid,0
T003035,V0279,2025-07-20,16073.93,Paid,0
T003036,V0009,2025-08-17,4391.94,Paid,0
T003037,V0156,2025-11-18,11590.76,Paid,0
T003038,V0109,2025-11-02,13680.62,Pending,0
T003039,V0465,2025-12-31,3913.47,Paid,0
T003040,V0027,2025-08-25,5756.1,Paid,0
T003041,V0035,2026-04-16,11089.53,Paid,0
T003042,V0458,2026-05-09,8092.19,Paid,0
T003043,V0249,2026-06-15,1831.18,Paid,0
T003044,V0312,2025-07-23,5511.23,Paid,0
T003045,V0176,2025-08-01,2269.3,Pending,0
T003046,V0205,2026-03-03,773.01,Paid,0
T003047,V0154,2026-02-25,664.06,Paid,0
T003048,V0247,2025-11-26,6250.05,Paid,0
T003049,V0357,2026-04-27,3988.1,Paid,0
T003050,V0033,2025-09-06,878.03,Paid,0
T003051,V0223,2026-02-02,1468.47,Paid,0
T003052,V0258,2025-07-26,57900.77,Paid,0
T003053,V0044,2025-12-13,1400.03,Paid,0
T003054,V0484,2025-07-07,4559.26,Paid,0
T003055,V0315,2026-06-08,3047.62,Paid,0
T003056,V0390,2026-02-17,19375.15,Paid,0
T003057,V0074,2026-02-04,46699.49,Paid,0
T003058,V0037,2026-01-06,3840.55,Pending,0
T003059,V0466,2026-06-21,883.95,Paid,0
T003060,V0380,2025-08-17,720.19,Paid,0
T003061,V0132,2025-12-10,109590.67,Paid,1
T003062,V0458,2025-11-04,323.9,Paid,0
T003063,V0070,2025-11-19,347.97,Paid,0
T003064,V0336,2025-07-14,274.73,Paid,0
T003065,V0039,2025-08-27,11309.76,Paid,0
T003066,V0052,2025-10-06,2226.77,Paid,0
T003067,V0499,2025-08-28,11457.2,Paid,0
T003068,V0427,2026-01-26,9374.82,Paid,0
T003069,V0205,2025-11-29,12485.0,Paid,0
T003070,V0089,2025-11-12,6991.81,Paid,0
T003071,V0028,2026-04-24,20716.8,Paid,0
T003072,V0243,2026-05-16,1400.54,Paid,0
T003073,V0319,2026-02-26,16856.93,Paid,0
T003074,V0353,2025-09-28,1427.34,Paid,0
T003075,V0250,2026-01-15,28412.54,Paid,0
T003076,V0032,2026-05-13,27248.82,Paid,0
T003077,V0190,2025-10-20,8651.9,Paid,0
T003078,V0486,2025-11-15,26347.06,Paid,0
T003079,V0174,2025-10-14,8005.25,Paid,0
T003080,V0391,2026-05-20,42592.49,Paid,0
T003081,V0079,2025-11-25,13373.89,Paid,0
T003082,V0053,2025-12-20,4574.69,Paid,0
T003083,V0479,2026-01-30,5685.88,Pending,0
T003084,V0147,2026-01-26,6205.59,Paid,0
T003085,V0014,2026-01-27,15174.9,Paid,0
T003086,V0241,2026-04-28,11715.29,Paid,0
T003087,V0404,2026-06-01,69839.77,Paid,0
T003088,V0460,2026-03-20,16734.61,Paid,0
T003089,V0255,2025-10-14,4443.93,Paid,0
T003090,V0426,2025-07-02,21273.36,Paid,0
T003091,V0491,2026-04-09,23189.22,Paid,0
T003092,V0068,2025-08-31,33254.22,Paid,0
T003093,V0401,2026-02-11,3408.17,Paid,0
T003094,V0297,2026-05-20,692.45,Paid,0
T003095,V0307,2025-08-24,3356.94,Paid,0
T003096,V0323,2025-11-30,705.44,Paid,0
T003097,V0341,2025-08-09,15470.48,Paid,0
T003098,V0236,2025-08-14,8327.3,Paid,0
T003099,V0456,2026-04-07,1832.32,Paid,0
T003100,V0490,2026-01-15,1152.51,Paid,0
T003101,V0206,2025-11-03,6144.65,Paid,0
T003102,V0042,2025-10-07,1992.65,Paid,0
T003103,V0341,2026-01-30,50610.55,Paid,0
T003104,V0274,2025-08-20,242.62,Paid,0
T003105,V0046,2025-07-31,4819.64,Paid,0
T003106,V0279,2025-08-15,1087.04,Paid,0
T003107,V0396,2025-07-12,1013.95,Paid,0
T003108,V0467,2025-07-19,723.75,Pending,0
T003109,V0475,2025-08-29,2966.37,Disputed,0
T003110,V0449,2026-05-13,6807.66,Disputed,0
T003111,V0395,2025-10-10,21937.76,Paid,0
T003112,V0031,2025-10-15,3074.35,Paid,0
T003113,V0344,2025-08-18,2789.36,Paid,0
T003114,V0279,2026-01-11,1025.06,Pending,0
T003115,V0453,2025-08-13,10827.57,Paid,0
T003116,V0051,2026-04-24,2037.39,Paid,0
T003117,V0478,2026-03-23,7241.68,Paid,0
T003118,V0431,2026-03-30,3770.16,Pending,0
T003119,V0479,2026-06-21,1448.2,Paid,0
T003120,V0195,2025-11-27,14253.18,Paid,0
T003121,V0494,2025-08-09,9041.29,Disputed,0
T003122,V0087,2025-11-04,7226.48,Paid,0
T003123,V0364,2025-10-29,1086.39,Paid,0
T003124,V0340,2026-02-06,491.21,Paid,0
T003125,V0166,2025-09-27,16813.05,Paid,0
T003126,V0072,2026-05-20,2592.77,Pending,0
T003127,V0239,2026-04-24,6962.07,Paid,0
T003128,V0466,2025-12-30,3134.17,Disputed,0
T003129,V0307,2025-10-21,10212.46,Pending,0
T003130,V0470,2026-01-21,1632.7,Pending,0
T003131,V0437,2025-10-02,3130.8,Paid,0
T003132,V0069,2026-05-30,2907.39,Pending,0
T003133,V0244,2025-07-11,7538.67,Paid,0
T003134,V0141,2025-08-25,23348.63,Paid,0
T003135,V0093,2025-11-10,2472.3,Paid,0
T003136,V0327,2026-01-26,2850.78,Disputed,0
T003137,V0412,2025-08-20,19289.17,Paid,1
T003138,V0369,2025-08-25,7675.01,Paid,0
T003139,V0090,2026-04-10,2223.96,Paid,0
T003140,V0311,2026-04-28,6228.71,Paid,0
T003141,V0385,2026-04-09,1197.51,Paid,0
T003142,V0401,2025-08-21,3365.59,Paid,0
T003143,V0100,2025-12-10,11414.54,Paid,0
T003144,V0476,2026-02-08,1206.93,Paid,0
T003145,V0251,2026-04-10,4391.1,Paid,0
T003146,V0436,2025-08-06,958.77,Pending,0
T003147,V0365,2025-12-15,2515.01,Paid,0
T003148,V0403,2026-03-18,9827.99,Paid,0
T003149,V0285,2026-01-25,13511.41,Paid,0
T003150,V0019,2025-09-27,643.0,Paid,0
T003151,V0012,2026-01-13,1775.24,Paid,0
T003152,V0364,2025-07-12,8432.91,Paid,0
T003153,V0342,2025-09-12,103247.77,Pending,0
T003154,V0463,2025-10-30,17933.01,Paid,0
T003155,V0170,2026-04-08,2571.11,Paid,0
T003156,V0293,2025-12-03,10576.42,Paid,0
T003157,V0215,2026-05-04,1049.82,Paid,0
T003158,V0411,2026-04-04,3739.67,Paid,0
T003159,V0216,2026-02-20,1575.56,Paid,0
T003160,V0023,2025-08-11,3702.84,Pending,0
T003161,V0215,2026-06-04,6039.03,Paid,0
T003162,V0184,2025-10-20,9552.36,Paid,0
T003163,V0316,2026-05-10,598.95,Paid,0
T003164,V0236,2026-03-12,14100.12,Paid,0
T003165,V0273,2025-11-21,8555.26,Paid,0
T003166,V0109,2025-12-01,5577.56,Paid,0
T003167,V0065,2025-12-04,1214.5,Pending,0
T003168,V0308,2025-08-24,2629.63,Paid,0
T003169,V0300,2025-07-14,918.92,Paid,0
T003170,V0084,2025-11-19,1129.24,Paid,0
T003171,V0114,2026-06-01,8911.83,Paid,0
T003172,V0043,2025-12-11,359028.38,Paid,0
T003173,V0024,2025-11-20,7445.64,Paid,0
T003174,V0308,2025-08-15,4217.57,Paid,0
T003175,V0072,2025-09-05,1489.11,Paid,0
T003176,V0351,2025-10-31,42891.37,Paid,0
T003177,V0440,2025-07-02,107726.38,Paid,0
T003178,V0119,2026-04-26,16616.82,Paid,0
T003179,V0024,2026-01-30,472.1,Paid,0
T003180,V0125,2025-10-16,3321.45,Paid,0
T003181,V0032,2025-07-01,20421.38,Paid,0
T003182,V0095,2025-12-21,1718.17,Paid,0
T003183,V0264,2026-01-04,8894.88,Disputed,1
T003184,V0416,2025-09-11,1962.18,Paid,0
T003185,V0112,2025-09-07,9284.27,Paid,0
T003186,V0239,2026-03-30,12104.53,Paid,0
T003187,V0148,2025-11-02,2647.32,Paid,0
T003188,V0388,2025-12-27,739.47,Pending,0
T003189,V0344,2026-02-16,35957.01,Paid,0
T003190,V0030,2025-12-23,1133.19,Paid,0
T003191,V0065,2025-07-13,11063.74,Paid,0
T003192,V0165,2026-03-01,5955.48,Paid,0
T003193,V0031,2025-09-17,830.37,Pending,0
T003194,V0013,2026-01-13,8903.95,Paid,0
T003195,V0070,2025-09-15,1199.94,Paid,0
T003196,V0037,2025-09-08,2206.55,Paid,0
T003197,V0189,2026-01-28,1291.61,Paid,0
T003198,V0311,2025-12-06,19852.52,Paid,0
T003199,V0126,2026-04-17,19770.68,Pending,0
T003200,V0360,2026-06-22,3375.77,Pending,0
T003201,V0195,2026-05-09,18360.59,Paid,0
T003202,V0284,2025-10-11,20726.45,Paid,0
T003203,V0175,2025-10-15,7438.15,Paid,0
T003204,V0359,2026-02-04,3586.14,Paid,0
T003205,V0113,2026-01-04,1708.45,Paid,0
T003206,V0414,2025-11-04,4190.49,Paid,0
T003207,V0385,2026-01-13,1752.99,Paid,0
T003208,V0085,2025-11-19,29344.91,Paid,0
T003209,V0012,2025-12-04,16071.57,Paid,1
T003210,V0291,2026-01-30,2015.54,Paid,0
T003211,V0420,2026-06-09,771.78,Paid,0
T003212,V0214,2026-06-29,4691.1,Paid,0
T003213,V0012,2026-05-10,2594.5,Pending,0
T003214,V0444,2025-09-08,438.64,Pending,0
T003215,V0337,2026-01-06,16047.93,Paid,0
T003216,V0253,2026-02-21,11403.71,Paid,0
T003217,V0374,2026-06-22,2413.34,Pending,0
T003218,V0150,2026-06-22,9798.72,Paid,0
T003219,V0272,2025-09-06,825.79,Pending,0
T003220,V0486,2025-09-11,11114.86,Pending,0
T003221,V0356,2025-07-28,2721.96,Paid,0
T003222,V0393,2026-02-12,12705.07,Paid,0
T003223,V0414,2026-03-23,4114.66,Paid,0
T003224,V0407,2025-09-15,8926.82,Paid,0
T003225,V0419,2025-11-06,9717.96,Paid,0
T003226,V0481,2026-06-18,5782.72,Paid,0
T003227,V0358,2025-10-13,716.44,Paid,0
T003228,V0470,2025-11-23,6276.67,Pending,0
T003229,V0144,2026-04-16,8477.62,Paid,0
T003230,V0319,2026-01-05,9881.86,Paid,0
T003231,V0026,2026-05-30,2802.47,Pending,0
T003232,V0367,2026-06-18,69508.88,Paid,0
T003233,V0488,2026-03-25,18535.35,Paid,0
T003234,V0147,2025-11-07,6996.83,Paid,0
T003235,V0179,2026-01-23,2799.85,Paid,0
T003236,V0170,2025-10-05,5744.57,Paid,0
T003237,V0245,2025-12-05,4207.28,Paid,0
T003238,V0328,2025-07-06,994.72,Paid,0
T003239,V0230,2025-08-25,4152.23,Paid,0
T003240,V0493,2026-05-07,37539.08,Paid,0
T003241,V0356,2026-04-12,7632.3,Paid,0
T003242,V0055,2026-01-03,5233.06,Paid,0
T003243,V0217,2025-08-26,481.13,Paid,0
T003244,V0183,2026-04-22,16047.61,Paid,0
T003245,V0034,2026-02-28,18276.91,Paid,0
T003246,V0098,2025-11-07,2327.12,Paid,0
T003247,V0226,2026-06-26,1295.08,Paid,0
T003248,V0127,2026-04-22,25177.21,Paid,0
T003249,V0199,2026-01-20,7501.33,Paid,0
T003250,V0172,2026-04-12,5593.18,Paid,0
T003251,V0310,2025-10-14,2116.42,Paid,0
T003252,V0462,2026-02-21,213.67,Paid,0
T003253,V0332,2025-10-21,2611.43,Paid,0
T003254,V0032,2025-09-22,155.42,Paid,0
T003255,V0055,2025-10-30,2677.92,Paid,0
T003256,V0086,2026-03-04,18531.55,Disputed,0
T003257,V0060,2025-08-30,30462.72,Paid,0
T003258,V0376,2026-03-03,182.03,Paid,0
T003259,V0043,2025-09-12,10099.82,Paid,0
T003260,V0251,2025-10-18,1696.22,Paid,0
T003261,V0229,2026-02-25,379.92,Paid,0
T003262,V0219,2025-08-30,13674.69,Paid,0
T003263,V0364,2026-05-08,2466.15,Paid,0
T003264,V0152,2025-07-20,12474.08,Pending,0
T003265,V0100,2025-11-24,7601.23,Paid,0
T003266,V0145,2025-09-08,32332.74,Paid,0
T003267,V0235,2026-05-15,465.61,Paid,0
T003268,V0039,2025-11-09,2935.54,Paid,1
T003269,V0245,2026-06-08,790.06,Paid,0
T003270,V0465,2025-12-15,798.94,Paid,0
T003271,V0005,2025-07-15,4968.52,Paid,0
T003272,V0107,2026-06-07,1673.22,Paid,0
T003273,V0285,2025-10-12,1912.86,Paid,0
T003274,V0252,2025-08-14,6435.1,Paid,0
T003275,V0047,2025-11-06,32895.55,Paid,0
T003276,V0416,2025-09-17,61862.08,Paid,0
T003277,V0399,2026-03-22,1192.49,Pending,0
T003278,V0304,2025-09-23,54291.67,Paid,0
T003279,V0011,2026-04-05,3732.56,Paid,0
T003280,V0405,2025-07-08,1711.96,Paid,0
T003281,V0107,2025-09-11,4855.24,Paid,0
T003282,V0030,2026-05-26,8842.18,Pending,0
T003283,V0433,2026-05-31,24104.86,Paid,0
T003284,V0103,2025-07-06,18044.11,Paid,0
T003285,V0121,2025-08-02,6412.41,Paid,0
T003286,V0159,2026-03-29,496.36,Paid,0
T003287,V0320,2026-06-14,1132.81,Paid,0
T003288,V0218,2025-08-14,1699.48,Pending,0
T003289,V0013,2026-03-19,10467.68,Paid,0
T003290,V0220,2026-03-23,38170.04,Pending,0
T003291,V0132,2026-02-19,17450.26,Pending,0
T003292,V0046,2025-07-18,8426.68,Paid,0
T003293,V0258,2025-11-25,6197.9,Paid,0
T003294,V0311,2025-10-27,4429.27,Paid,0
T003295,V0388,2025-08-22,3161.36,Pending,0
T003296,V0261,2026-03-10,3319.57,Paid,0
T003297,V0415,2025-10-18,3693.7,Pending,0
T003298,V0342,2025-12-30,1620.86,Paid,0
T003299,V0206,2025-09-26,6445.75,Paid,0
T003300,V0426,2026-06-18,5340.53,Paid,0
T003301,V0204,2025-08-12,2929.11,Paid,0
T003302,V0457,2026-06-30,6199.08,Paid,0
T003303,V0124,2025-12-09,5862.14,Paid,0
T003304,V0246,2026-02-23,1432.23,Paid,0
T003305,V0152,2025-07-12,5681.99,Disputed,0
T003306,V0273,2025-07-12,536.85,Pending,0
T003307,V0199,2025-12-15,4452.71,Disputed,0
T003308,V0072,2026-04-28,19138.7,Paid,0
T003309,V0042,2026-05-27,5239.39,Paid,0
T003310,V0023,2025-07-02,9344.37,Paid,0
T003311,V0093,2026-03-24,57033.43,Paid,0
T003312,V0238,2025-07-25,11495.57,Paid,0
T003313,V0010,2025-09-01,8667.13,Paid,0
T003314,V0088,2026-04-18,12989.21,Paid,0
T003315,V0117,2025-10-04,3715.39,Paid,0
T003316,V0197,2025-09-24,2460.4,Paid,0
T003317,V0072,2025-11-09,15336.94,Paid,0
T003318,V0406,2026-05-21,21352.39,Paid,0
T003319,V0329,2025-11-18,28298.82,Paid,0
T003320,V0254,2025-11-07,857.85,Paid,0
T003321,V0186,2026-05-26,1793.23,Paid,0
T003322,V0220,2026-04-07,334.27,Paid,0
T003323,V0447,2025-11-14,5298.21,Pending,0
T003324,V0339,2025-12-27,42115.43,Paid,0
T003325,V0201,2025-11-30,25921.53,Paid,1
T003326,V0187,2026-03-25,1958.16,Paid,0
T003327,V0082,2026-05-29,1600.23,Paid,0
T003328,V0333,2025-11-05,119.45,Disputed,0
T003329,V0354,2025-12-19,477.67,Paid,0
T003330,V0306,2025-09-27,5587.74,Paid,0
T003331,V0027,2026-02-19,2040.78,Paid,0
T003332,V0101,2026-04-16,633.4,Paid,0
T003333,V0465,2025-09-10,37037.65,Paid,0
T003334,V0177,2026-06-06,13156.26,Pending,0
T003335,V0033,2026-01-31,682.99,Paid,0
T003336,V0347,2025-09-05,17119.74,Paid,0
T003337,V0337,2025-10-02,1994.42,Pending,0
T003338,V0306,2025-11-12,39466.34,Paid,0
T003339,V0385,2026-03-08,27620.22,Paid,0
T003340,V0370,2025-08-20,1442.94,Paid,0
T003341,V0445,2025-09-23,3672.73,Paid,0
T003342,V0283,2026-02-07,18391.41,Paid,0
T003343,V0057,2026-06-19,903.48,Paid,0
T003344,V0367,2026-06-11,2954.51,Paid,0
T003345,V0388,2026-02-05,39272.91,Paid,0
T003346,V0041,2026-03-01,2743.39,Paid,0
T003347,V0233,2026-06-22,1676.6,Paid,0
T003348,V0103,2025-11-03,3922.24,Paid,0
T003349,V0045,2026-06-06,2130.11,Paid,0
T003350,V0391,2025-09-23,11432.5,Paid,0
T003351,V0015,2026-03-20,2538.6,Paid,0
T003352,V0201,2025-09-19,416.61,Paid,0
T003353,V0124,2025-07-10,12217.48,Paid,0
T003354,V0038,2026-02-08,3072.5,Paid,0
T003355,V0303,2026-04-02,3817.84,Pending,0
T003356,V0488,2025-10-18,2479.42,Pending,0
T003357,V0272,2025-07-19,2438.15,Paid,0
T003358,V0333,2025-09-15,910.27,Paid,0
T003359,V0188,2025-07-23,13469.95,Paid,0
T003360,V0055,2025-11-03,1617.21,Paid,0
T003361,V0239,2025-10-02,6457.13,Paid,0
T003362,V0013,2025-11-23,7212.53,Pending,0
T003363,V0104,2026-05-27,2089.97,Paid,0
T003364,V0408,2025-08-12,94276.45,Paid,0
T003365,V0300,2026-03-04,4349.98,Paid,0
T003366,V0076,2026-06-14,257839.67,Paid,0
T003367,V0200,2025-12-20,2163.59,Paid,0
T003368,V0351,2026-05-10,4967.38,Paid,0
T003369,V0304,2026-04-07,1201.72,Paid,0
T003370,V0112,2026-06-12,3205.87,Paid,0
T003371,V0071,2026-04-15,25745.46,Paid,1
T003372,V0305,2026-05-12,2774.93,Paid,0
T003373,V0068,2026-05-26,1068.01,Paid,0
T003374,V0314,2025-07-17,2442.63,Paid,0
T003375,V0258,2026-01-20,4069.55,Paid,0
T003376,V0140,2025-07-04,12008.45,Paid,0
T003377,V0354,2026-02-20,9076.96,Paid,0
T003378,V0075,2025-10-30,22326.27,Paid,0
T003379,V0125,2026-04-07,10056.55,Pending,0
T003380,V0161,2025-08-20,2088.13,Paid,0
T003381,V0082,2025-09-14,7749.11,Paid,0
T003382,V0395,2026-04-07,30714.43,Paid,0
T003383,V0199,2026-03-24,15732.06,Paid,1
T003384,V0349,2025-08-13,16229.62,Paid,0
T003385,V0308,2025-07-06,4157.0,Paid,0
T003386,V0220,2026-03-03,3352.46,Paid,0
T003387,V0026,2026-02-27,30556.68,Paid,0
T003388,V0187,2025-07-14,42254.71,Paid,0
T003389,V0093,2025-10-18,3982.88,Paid,0
T003390,V0400,2026-04-25,24623.34,Paid,0
T003391,V0133,2026-01-02,3419.04,Paid,0
T003392,V0200,2025-08-27,7628.66,Paid,0
T003393,V0229,2026-06-15,53845.93,Paid,0
T003394,V0385,2025-09-10,14700.18,Paid,0
T003395,V0380,2026-01-21,13752.88,Paid,0
T003396,V0482,2025-07-12,2678.88,Paid,0
T003397,V0434,2026-03-25,4561.31,Paid,0
T003398,V0072,2025-10-19,11881.06,Paid,0
T003399,V0153,2026-01-16,15126.79,Paid,0
T003400,V0001,2025-11-28,17270.3,Paid,0
T003401,V0321,2026-06-08,1520.95,Paid,0
T003402,V0204,2026-03-29,10080.46,Paid,0
T003403,V0014,2025-11-05,3194.87,Paid,0
T003404,V0262,2026-03-04,18192.39,Paid,0
T003405,V0119,2025-07-01,415.85,Paid,0
T003406,V0329,2025-10-24,3619.72,Paid,0
T003407,V0296,2025-09-30,9831.07,Disputed,0
T003408,V0305,2025-08-27,7828.29,Paid,0
T003409,V0307,2025-10-22,2829.58,Paid,0
T003410,V0480,2026-06-16,5569.74,Paid,0
T003411,V0064,2026-03-22,2188.24,Paid,0
T003412,V0396,2026-01-21,54258.6,Paid,0
T003413,V0270,2026-05-09,142283.66,Paid,0
T003414,V0296,2026-03-01,47292.43,Paid,0
T003415,V0162,2025-09-20,4788.15,Paid,0
T003416,V0172,2026-01-29,1313.73,Paid,0
T003417,V0053,2025-07-04,3573.66,Paid,0
T003418,V0491,2026-06-26,192.91,Paid,0
T003419,V0425,2025-08-17,1120.32,Paid,0
T003420,V0230,2025-09-29,53297.25,Paid,0
T003421,V0312,2026-01-26,5007.82,Paid,0
T003422,V0437,2026-06-18,20693.14,Paid,0
T003423,V0272,2025-09-23,8398.54,Paid,0
T003424,V0256,2025-08-08,3459.97,Paid,0
T003425,V0088,2025-08-27,1274.79,Paid,0
T003426,V0062,2025-10-31,353.49,Paid,0
T003427,V0019,2025-07-23,1565.79,Paid,0
T003428,V0084,2026-05-03,3020.34,Paid,0
T003429,V0116,2025-12-21,13425.61,Paid,0
T003430,V0389,2025-09-01,7124.84,Disputed,0
T003431,V0176,2025-08-23,4004.54,Paid,0
T003432,V0095,2025-12-12,15313.79,Paid,0
T003433,V0463,2025-11-07,1920.14,Paid,0
T003434,V0278,2026-01-18,997.75,Paid,0
T003435,V0107,2026-04-10,2256.77,Paid,0
T003436,V0027,2026-05-04,29654.59,Paid,0
T003437,V0397,2026-05-14,9675.38,Paid,0
T003438,V0238,2025-09-07,188847.32,Disputed,0
T003439,V0313,2026-05-05,94644.84,Paid,0
T003440,V0457,2025-10-04,28523.38,Paid,0
T003441,V0106,2025-10-18,40132.39,Paid,0
T003442,V0245,2026-06-19,918.72,Paid,0
T003443,V0006,2026-06-26,21000.84,Paid,0
T003444,V0377,2025-11-15,386.14,Paid,0
T003445,V0118,2025-07-31,438.21,Paid,0
T003446,V0161,2025-12-04,6652.95,Paid,0
T003447,V0152,2026-04-09,16767.31,Paid,0
T003448,V0081,2026-06-19,309.37,Paid,0
T003449,V0308,2025-12-04,3924.73,Paid,0
T003450,V0343,2026-03-20,4061.75,Disputed,0
T003451,V0005,2026-05-09,13586.4,Paid,0
T003452,V0318,2026-04-02,6689.77,Paid,0
T003453,V0160,2026-05-21,8991.29,Paid,0
T003454,V0039,2026-06-06,2366.89,Paid,0
T003455,V0090,2025-07-18,7261.69,Paid,0
T003456,V0222,2026-04-24,14308.87,Paid,0
T003457,V0276,2026-01-12,1336.0,Paid,0
T003458,V0278,2025-10-06,6410.52,Paid,0
T003459,V0407,2025-12-03,369.36,Paid,0
T003460,V0194,2026-02-02,11542.88,Paid,0
T003461,V0104,2025-11-30,12197.16,Paid,0
T003462,V0107,2026-02-26,12359.49,Paid,0
T003463,V0020,2026-03-16,2166.87,Paid,0
T003464,V0128,2026-04-13,54036.97,Paid,0
T003465,V0105,2025-12-21,13887.8,Paid,0
T003466,V0463,2026-03-24,42685.72,Paid,0
T003467,V0444,2025-07-04,1714.68,Pending,0
T003468,V0217,2025-11-22,2658.89,Pending,0
T003469,V0208,2025-12-15,654.09,Paid,0
T003470,V0003,2025-07-19,111080.36,Paid,0
T003471,V0261,2026-02-18,1895.26,Paid,0
T003472,V0331,2026-01-21,11261.01,Paid,0
T003473,V0276,2026-05-08,6982.36,Paid,0
T003474,V0359,2026-05-24,38231.64,Paid,0
T003475,V0226,2025-08-11,1167.54,Disputed,0
T003476,V0478,2026-02-14,1022.3,Paid,0
T003477,V0373,2025-12-13,6050.14,Paid,0
T003478,V0197,2026-03-08,8324.28,Paid,0
T003479,V0105,2025-11-22,292.46,Paid,0
T003480,V0168,2025-07-09,2150.2,Paid,1
T003481,V0439,2026-06-27,173764.37,Paid,0
T003482,V0070,2026-06-29,11093.8,Paid,0
T003483,V0037,2026-02-26,27433.13,Paid,0
T003484,V0229,2025-09-01,2995.17,Paid,0
T003485,V0442,2026-06-14,31932.51,Disputed,0
T003486,V0220,2025-09-26,855.16,Paid,0
T003487,V0148,2026-04-19,427.73,Pending,0
T003488,V0344,2026-01-13,1099.6,Paid,0
T003489,V0044,2025-07-11,726.8,Paid,0
T003490,V0496,2026-05-08,13536.8,Paid,0
T003491,V0236,2025-12-26,6253.94,Paid,0
T003492,V0168,2026-01-28,10481.96,Paid,0
T003493,V0322,2026-04-30,1506.96,Paid,0
T003494,V0368,2025-11-02,1227.1,Paid,0
T003495,V0114,2026-01-05,3826.71,Paid,0
T003496,V0462,2025-07-24,4194.1,Paid,0
T003497,V0144,2025-12-29,2158.12,Paid,0
T003498,V0070,2026-01-14,1793.67,Paid,0
T003499,V0261,2026-05-10,42814.69,Paid,0
T003500,V0254,2025-11-12,45598.68,Paid,0
T003501,V0482,2025-11-23,83963.27,Paid,0
T003502,V0098,2026-02-13,82509.36,Pending,0
T003503,V0493,2025-10-30,4416.05,Paid,0
T003504,V0136,2025-09-14,3666.18,Paid,0
T003505,V0103,2025-11-29,1155.13,Paid,0
T003506,V0398,2025-10-14,375.88,Paid,0
T003507,V0024,2026-04-18,123551.13,Paid,0
T003508,V0183,2026-03-16,11084.83,Disputed,0
T003509,V0171,2026-05-31,8911.48,Paid,0
T003510,V0103,2026-06-11,1085.97,Paid,0
T003511,V0469,2026-06-08,611.04,Paid,0
T003512,V0041,2025-08-04,1210.92,Disputed,0
T003513,V0341,2026-01-01,13680.93,Paid,0
T003514,V0205,2025-12-07,5028.04,Pending,0
T003515,V0206,2026-02-03,4342.84,Paid,0
T003516,V0332,2026-01-25,5327.74,Paid,0
T003517,V0299,2026-01-26,2468.34,Paid,0
T003518,V0454,2025-09-13,3455.57,Disputed,0
T003519,V0301,2026-01-07,83544.88,Paid,1
T003520,V0255,2026-02-01,318.11,Paid,0
T003521,V0217,2025-09-27,33780.55,Paid,0
T003522,V0158,2026-02-15,15095.91,Paid,0
T003523,V0233,2026-03-13,2917.68,Paid,0
T003524,V0066,2025-07-01,734.65,Paid,0
T003525,V0460,2026-06-09,275.49,Paid,0
T003526,V0116,2025-12-29,35634.95,Paid,0
T003527,V0474,2026-03-11,4649.02,Paid,0
T003528,V0188,2025-08-08,4995.11,Paid,0
T003529,V0101,2025-11-13,20044.61,Paid,0
T003530,V0319,2026-03-26,13942.54,Paid,0
T003531,V0282,2026-05-04,171.35,Paid,0
T003532,V0296,2026-03-24,10543.54,Disputed,0
T003533,V0193,2025-12-16,2455.83,Pending,0
T003534,V0193,2026-02-20,1843.12,Paid,0
T003535,V0438,2025-08-18,6669.96,Paid,0
T003536,V0281,2025-07-21,1911.1,Paid,0
T003537,V0419,2025-09-26,2874.68,Pending,0
T003538,V0295,2026-02-22,10668.69,Paid,0
T003539,V0301,2025-08-21,975.13,Pending,0
T003540,V0152,2025-08-15,3661.96,Pending,0
T003541,V0183,2026-01-01,1271.2,Paid,0
T003542,V0152,2025-07-05,3796.45,Paid,0
T003543,V0025,2026-05-11,2338.81,Paid,0
T003544,V0234,2026-01-24,35781.63,Paid,0
T003545,V0167,2025-12-02,621.24,Paid,0
T003546,V0051,2025-09-10,2749.3,Paid,0
T003547,V0079,2025-07-28,2612.62,Pending,0
T003548,V0412,2025-08-21,31874.34,Paid,0
T003549,V0459,2026-06-24,21976.3,Paid,0
T003550,V0410,2025-09-01,3762.56,Pending,0
T003551,V0078,2026-06-16,1888.34,Paid,0
T003552,V0428,2026-05-12,6411.86,Paid,0
T003553,V0324,2025-11-15,4716.76,Paid,0
T003554,V0006,2025-12-23,5953.17,Paid,0
T003555,V0480,2026-05-20,3264.36,Paid,0
T003556,V0026,2026-06-25,2121.77,Paid,0
T003557,V0238,2025-11-13,7099.78,Paid,0
T003558,V0098,2026-04-10,4442.61,Paid,0
T003559,V0172,2025-10-03,1415.01,Paid,0
T003560,V0089,2025-10-01,1840.14,Paid,0
T003561,V0245,2025-11-11,2695.92,Paid,0
T003562,V0175,2025-07-21,56153.38,Paid,0
T003563,V0170,2026-02-08,2143.57,Paid,0
T003564,V0200,2025-12-15,7883.23,Paid,0
T003565,V0287,2026-03-08,13510.71,Pending,0
T003566,V0178,2026-02-02,24280.18,Paid,0
T003567,V0491,2025-07-26,3907.09,Paid,0
T003568,V0012,2025-08-14,138200.37,Paid,1
T003569,V0142,2026-06-05,2040.42,Paid,1
T003570,V0063,2025-11-08,29419.61,Paid,0
T003571,V0374,2025-11-02,92144.58,Paid,0
T003572,V0302,2026-06-29,11184.5,Paid,0
T003573,V0491,2026-01-01,1564.62,Paid,0
T003574,V0452,2025-08-16,31506.47,Paid,0
T003575,V0289,2025-12-16,9214.81,Paid,0
T003576,V0414,2026-04-10,1483.24,Paid,0
T003577,V0271,2026-01-27,16365.73,Paid,0
T003578,V0457,2025-09-23,1909.56,Paid,0
T003579,V0447,2025-09-19,5289.25,Paid,0
T003580,V0392,2025-08-25,5305.56,Paid,0
T003581,V0460,2026-03-18,5217.08,Paid,0
T003582,V0426,2026-02-01,4623.1,Paid,0
T003583,V0486,2026-01-20,336.18,Disputed,0
T003584,V0376,2025-11-20,14170.3,Paid,0
T003585,V0119,2025-12-29,7016.04,Pending,0
T003586,V0351,2026-06-28,1634.89,Paid,0
T003587,V0251,2025-11-17,5800.79,Disputed,0
T003588,V0033,2026-06-26,430.61,Paid,0
T003589,V0166,2025-08-30,50983.39,Paid,0
T003590,V0218,2025-11-08,2856.34,Paid,0
T003591,V0037,2025-12-30,16094.71,Paid,0
T003592,V0226,2026-03-28,6710.3,Pending,0
T003593,V0026,2026-04-15,26509.01,Paid,0
T003594,V0428,2025-08-25,3608.32,Paid,0
T003595,V0168,2026-04-20,4172.2,Paid,0
T003596,V0065,2026-03-25,1558.86,Paid,0
T003597,V0340,2026-05-03,1350.57,Paid,0
T003598,V0267,2025-11-07,2970.79,Paid,0
T003599,V0448,2026-03-16,23361.88,Paid,0
T003600,V0154,2026-04-09,2946.3,Paid,0
T003601,V0452,2026-03-26,3066.97,Paid,0
T003602,V0451,2025-07-08,2001.37,Paid,0
T003603,V0456,2026-02-08,4672.14,Disputed,0
T003604,V0325,2026-06-23,1795.58,Paid,0
T003605,V0203,2026-06-21,16445.34,Paid,0
T003606,V0354,2025-09-16,82940.72,Paid,0
T003607,V0321,2026-06-14,926.6,Paid,0
T003608,V0044,2025-12-29,53826.65,Paid,0
T003609,V0441,2025-07-10,10546.14,Paid,0
T003610,V0046,2025-09-19,3076.9,Paid,0
T003611,V0204,2026-03-01,7809.8,Paid,0
T003612,V0288,2026-05-08,4576.38,Pending,0
T003613,V0357,2026-04-17,71591.87,Paid,0
T003614,V0190,2025-08-04,371.08,Paid,0
T003615,V0158,2026-05-05,13632.26,Paid,0
T003616,V0142,2026-05-13,6048.98,Paid,0
T003617,V0400,2026-05-25,1968.71,Paid,0
T003618,V0180,2026-01-10,24610.37,Paid,0
T003619,V0167,2025-12-02,10244.33,Paid,0
T003620,V0428,2025-12-03,285.83,Paid,0
T003621,V0053,2025-12-19,9396.98,Paid,1
T003622,V0440,2025-07-27,2723.49,Paid,0
T003623,V0058,2025-12-24,887.64,Disputed,0
T003624,V0340,2025-07-24,9328.17,Paid,0
T003625,V0315,2025-11-11,2510.63,Paid,0
T003626,V0275,2026-03-04,1262.37,Disputed,0
T003627,V0173,2026-01-21,2301.0,Disputed,0
T003628,V0325,2026-03-06,2307.02,Paid,0
T003629,V0240,2025-10-17,7470.26,Paid,0
T003630,V0188,2026-01-06,3401.89,Paid,0
T003631,V0403,2025-12-23,4520.17,Paid,0
T003632,V0257,2025-08-19,9112.96,Pending,0
T003633,V0272,2025-11-11,6964.4,Paid,0
T003634,V0110,2026-05-31,33032.13,Paid,0
T003635,V0239,2025-08-21,223.93,Paid,0
T003636,V0367,2025-08-18,10900.93,Paid,0
T003637,V0126,2025-11-25,1229.02,Paid,0
T003638,V0022,2026-03-22,13644.68,Paid,0
T003639,V0207,2025-07-18,32960.75,Paid,1
T003640,V0016,2026-06-02,4215.27,Paid,0
T003641,V0331,2025-11-15,6978.97,Paid,0
T003642,V0484,2026-03-27,1204.61,Paid,0
T003643,V0057,2026-01-02,11581.01,Paid,0
T003644,V0473,2026-04-25,3625.5,Disputed,0
T003645,V0405,2026-02-04,4714.03,Paid,0
T003646,V0361,2026-03-26,6231.61,Paid,0
T003647,V0274,2026-04-01,220.29,Paid,0
T003648,V0177,2025-08-23,23580.99,Paid,0
T003649,V0310,2026-02-24,20528.85,Paid,0
T003650,V0315,2025-10-24,1647.24,Paid,0
T003651,V0365,2026-04-16,2013.79,Disputed,0
T003652,V0138,2026-03-23,16291.8,Paid,0
T003653,V0117,2026-01-02,15828.1,Paid,0
T003654,V0200,2025-07-12,17634.47,Pending,0
T003655,V0343,2026-01-28,477.1,Pending,0
T003656,V0363,2025-08-03,858.29,Paid,0
T003657,V0481,2026-04-24,11554.94,Paid,0
T003658,V0166,2025-09-19,10924.52,Paid,0
T003659,V0329,2026-04-05,20908.8,Paid,0
T003660,V0494,2025-11-12,7530.1,Paid,0
T003661,V0093,2026-01-07,9467.64,Paid,0
T003662,V0267,2025-08-18,48295.78,Paid,0
T003663,V0357,2025-12-22,980.77,Paid,0
T003664,V0010,2026-06-16,3252.94,Paid,0
T003665,V0277,2025-08-20,8799.0,Paid,0
T003666,V0263,2025-12-01,21042.77,Pending,0
T003667,V0481,2025-08-10,854.48,Pending,0
T003668,V0134,2026-06-03,5253.19,Disputed,0
T003669,V0461,2025-08-18,919.82,Pending,0
T003670,V0006,2025-10-08,4250.03,Paid,0
T003671,V0216,2026-06-03,9917.48,Paid,0
T003672,V0239,2026-01-09,2428.02,Paid,1
T003673,V0430,2025-08-02,7350.67,Paid,0
T003674,V0145,2026-04-05,5524.29,Paid,0
T003675,V0053,2026-03-13,2641.24,Pending,0
T003676,V0344,2025-09-20,3341.45,Paid,0
T003677,V0315,2026-02-04,4499.63,Paid,0
T003678,V0166,2026-06-15,124385.03,Paid,1
T003679,V0409,2026-04-17,51041.75,Paid,1
T003680,V0339,2025-08-27,16651.46,Paid,0
T003681,V0036,2026-01-07,5747.35,Paid,0
T003682,V0297,2026-01-16,4509.42,Paid,0
T003683,V0171,2025-11-03,1230.59,Paid,0
T003684,V0400,2025-12-21,106464.81,Paid,1
T003685,V0377,2025-07-12,6292.24,Paid,0
T003686,V0006,2025-09-10,289.22,Paid,0
T003687,V0258,2025-11-29,3179.77,Pending,0
T003688,V0246,2025-12-06,2918.63,Paid,0
T003689,V0362,2025-12-23,11038.87,Paid,0
T003690,V0078,2026-04-04,2510.3,Paid,0
T003691,V0326,2026-04-24,56474.77,Paid,1
T003692,V0442,2026-05-04,3949.0,Pending,0
T003693,V0359,2025-07-13,1588.97,Pending,0
T003694,V0458,2026-04-19,2857.52,Paid,0
T003695,V0003,2025-12-15,985.07,Paid,0
T003696,V0325,2026-05-19,5975.77,Paid,0
T003697,V0133,2025-08-28,15144.48,Paid,0
T003698,V0444,2026-06-06,4168.45,Paid,0
T003699,V0167,2026-05-31,18360.04,Paid,0
T003700,V0432,2025-08-09,9255.92,Paid,0
T003701,V0091,2025-11-12,6849.87,Paid,0
T003702,V0171,2026-03-12,17903.2,Paid,0
T003703,V0001,2025-12-01,13334.86,Paid,0
T003704,V0359,2026-02-09,9812.93,Paid,0
T003705,V0177,2026-01-14,853.36,Paid,0
T003706,V0233,2026-04-30,24640.03,Paid,0
T003707,V0368,2025-11-30,16981.45,Paid,0
T003708,V0248,2026-04-20,4470.61,Paid,0
T003709,V0381,2025-12-26,3414.71,Paid,0
T003710,V0078,2025-09-23,2594.79,Paid,0
T003711,V0483,2026-06-13,28841.09,Paid,0
T003712,V0006,2026-02-07,2418.03,Pending,0
T003713,V0489,2026-05-28,11888.38,Paid,0
T003714,V0210,2026-04-06,4224.53,Pending,0
T003715,V0456,2026-02-18,3888.86,Paid,0
T003716,V0292,2026-04-15,24102.49,Paid,0
T003717,V0302,2025-10-02,4039.49,Paid,0
T003718,V0306,2026-01-30,483.52,Paid,0
T003719,V0462,2026-05-30,19991.98,Paid,0
T003720,V0483,2025-10-31,256414.88,Paid,0
T003721,V0404,2026-01-21,2322.39,Paid,0
T003722,V0177,2026-05-31,1278.39,Paid,0
T003723,V0399,2025-09-09,6379.35,Paid,0
T003724,V0367,2025-07-24,799.14,Paid,0
T003725,V0454,2026-04-10,2123.01,Paid,0
T003726,V0055,2025-08-28,64724.08,Paid,1
T003727,V0160,2025-09-11,5276.87,Paid,0
T003728,V0390,2025-12-01,29157.86,Paid,0
T003729,V0441,2026-02-02,6874.75,Paid,0
T003730,V0348,2025-09-30,2561.76,Pending,0
T003731,V0048,2026-05-14,286883.26,Disputed,0
T003732,V0398,2026-04-21,11439.86,Paid,0
T003733,V0248,2025-09-19,40026.74,Paid,0
T003734,V0040,2025-11-05,10916.55,Paid,0
T003735,V0243,2026-06-06,6434.5,Paid,0
T003736,V0100,2025-10-01,6026.67,Paid,0
T003737,V0041,2026-06-24,478.5,Paid,0
T003738,V0077,2025-07-10,1793.71,Paid,0
T003739,V0043,2026-03-07,2899.8,Paid,0
T003740,V0272,2026-03-12,11391.82,Paid,0
T003741,V0455,2025-11-14,3787.43,Paid,0
T003742,V0010,2025-08-19,2740.86,Paid,0
T003743,V0142,2025-09-25,13550.94,Paid,0
T003744,V0274,2025-12-21,1650.91,Paid,0
T003745,V0007,2026-04-19,48105.98,Pending,0
T003746,V0353,2026-04-10,1134.88,Paid,0
T003747,V0408,2025-08-14,18348.79,Paid,0
T003748,V0069,2026-01-21,4685.33,Paid,0
T003749,V0361,2025-08-20,8419.41,Paid,0
T003750,V0055,2026-04-15,3241.32,Paid,0
T003751,V0068,2025-07-14,7586.68,Paid,0
T003752,V0435,2026-04-13,244.07,Paid,0
T003753,V0361,2025-09-14,145332.47,Paid,1
T003754,V0102,2026-03-01,7444.55,Paid,0
T003755,V0275,2026-05-19,7203.43,Disputed,0
T003756,V0463,2026-02-23,169.74,Disputed,0
T003757,V0469,2025-10-01,383.8,Paid,0
T003758,V0082,2026-01-13,530.03,Paid,0
T003759,V0355,2025-08-04,528.03,Disputed,0
T003760,V0469,2026-02-25,10048.75,Paid,0
T003761,V0405,2026-02-21,3273.82,Paid,0
T003762,V0157,2025-10-09,7892.92,Pending,0
T003763,V0266,2026-03-10,2787.35,Paid,0
T003764,V0365,2025-12-04,1233.04,Paid,0
T003765,V0081,2026-05-10,13457.78,Paid,0
T003766,V0152,2025-09-02,1499.68,Paid,0
T003767,V0016,2025-07-25,5790.48,Paid,0
T003768,V0248,2025-10-24,4624.48,Paid,0
T003769,V0356,2026-06-20,12280.4,Paid,0
T003770,V0017,2025-10-21,2909.39,Paid,0
T003771,V0368,2025-11-14,76265.34,Paid,0
T003772,V0171,2025-09-13,4493.69,Paid,0
T003773,V0095,2025-10-01,292.8,Disputed,0
T003774,V0169,2026-01-31,11056.21,Paid,0
T003775,V0268,2025-11-13,489.7,Disputed,0
T003776,V0313,2026-03-27,11668.83,Paid,0
T003777,V0428,2026-05-27,25348.48,Pending,0
T003778,V0247,2026-03-01,10700.48,Pending,0
T003779,V0011,2025-09-24,1546.21,Paid,0
T003780,V0167,2025-07-05,6352.06,Disputed,0
T003781,V0029,2026-02-06,2046.92,Paid,0
T003782,V0160,2025-12-01,886.06,Paid,0
T003783,V0167,2025-12-09,10090.16,Paid,0
T003784,V0318,2026-03-09,11604.79,Paid,0
T003785,V0227,2026-01-02,13647.36,Paid,0
T003786,V0157,2025-10-26,40632.05,Paid,1
T003787,V0399,2026-06-08,6403.12,Paid,0
T003788,V0263,2026-02-25,5877.88,Paid,0
T003789,V0409,2026-03-18,6333.22,Paid,1
T003790,V0128,2026-05-18,96852.03,Disputed,0
T003791,V0217,2025-12-05,1532.35,Paid,0
T003792,V0130,2025-07-11,9850.98,Paid,0
T003793,V0081,2025-07-28,1901.32,Paid,0
T003794,V0025,2025-09-02,2450.76,Paid,0
T003795,V0363,2025-08-14,2976.56,Paid,0
T003796,V0412,2026-04-26,21888.89,Paid,0
T003797,V0078,2025-09-15,3729.43,Paid,0
T003798,V0417,2026-01-06,13149.96,Paid,0
T003799,V0019,2026-03-05,9928.17,Paid,0
T003800,V0376,2025-12-23,21785.8,Paid,0
T003801,V0159,2026-05-08,127376.37,Paid,0
T003802,V0063,2026-01-16,3977.81,Paid,0
T003803,V0068,2025-11-19,3940.16,Paid,0
T003804,V0211,2025-09-06,11834.8,Pending,0
T003805,V0222,2025-10-29,16936.72,Paid,0
T003806,V0149,2025-09-16,10591.4,Paid,0
T003807,V0305,2026-02-13,4435.45,Paid,0
T003808,V0494,2026-02-01,3948.39,Paid,0
T003809,V0077,2026-03-05,26159.63,Paid,0
T003810,V0107,2025-07-19,3654.17,Paid,0
T003811,V0059,2026-01-24,41287.19,Paid,0
T003812,V0271,2026-06-15,2675.02,Disputed,0
T003813,V0322,2025-07-18,9180.85,Paid,0
T003814,V0275,2025-09-20,3466.0,Paid,0
T003815,V0080,2026-06-30,4187.62,Disputed,0
T003816,V0058,2026-06-09,98521.61,Paid,0
T003817,V0235,2025-10-15,2991.26,Paid,0
T003818,V0371,2026-06-29,274.09,Disputed,0
T003819,V0267,2026-05-02,2073.93,Paid,0
T003820,V0281,2025-10-12,692.87,Paid,0
T003821,V0289,2025-07-18,27344.22,Paid,0
T003822,V0191,2025-08-04,18690.92,Paid,0
T003823,V0218,2025-12-02,3406.6,Paid,0
T003824,V0421,2026-01-21,1790.39,Paid,0
T003825,V0025,2026-05-16,7890.62,Paid,0
T003826,V0017,2025-09-06,550.36,Paid,0
T003827,V0405,2025-10-17,1515.38,Paid,0
T003828,V0010,2026-06-11,1542.04,Paid,0
T003829,V0304,2025-09-20,12261.76,Paid,0
T003830,V0079,2025-07-06,13193.28,Paid,0
T003831,V0192,2025-11-25,3291.24,Paid,0
T003832,V0303,2025-07-16,5262.74,Paid,0
T003833,V0471,2026-04-07,33079.82,Paid,0
T003834,V0122,2026-03-23,5053.19,Paid,0
T003835,V0007,2025-10-11,113754.07,Paid,0
T003836,V0344,2025-07-30,2367.64,Paid,0
T003837,V0116,2025-07-09,2309.84,Paid,0
T003838,V0291,2026-04-15,32488.82,Paid,0
T003839,V0199,2025-09-16,5203.94,Paid,0
T003840,V0311,2026-01-09,1417.91,Paid,0
T003841,V0207,2025-07-28,2887.88,Disputed,0
T003842,V0053,2025-10-02,1824.47,Paid,0
T003843,V0423,2025-11-11,681.35,Paid,0
T003844,V0260,2025-07-06,2521.29,Paid,0
T003845,V0411,2025-08-27,14380.98,Paid,0
T003846,V0151,2025-11-18,4502.14,Paid,0
T003847,V0100,2026-01-29,3337.6,Paid,0
T003848,V0440,2025-11-21,2804.98,Paid,0
T003849,V0133,2026-06-20,5868.81,Paid,0
T003850,V0371,2025-08-05,1571.3,Paid,0
T003851,V0022,2025-10-23,15776.46,Pending,0
T003852,V0404,2025-08-31,6858.86,Paid,0
T003853,V0044,2025-07-12,9297.92,Paid,0
T003854,V0412,2026-05-11,1319.79,Disputed,0
T003855,V0347,2026-05-02,1434.43,Paid,0
T003856,V0343,2025-10-16,2371.77,Paid,0
T003857,V0265,2025-08-22,50292.75,Pending,0
T003858,V0176,2025-08-12,9108.0,Paid,0
T003859,V0448,2026-04-26,8833.7,Paid,0
T003860,V0213,2025-06-30,6249.27,Disputed,0
T003861,V0198,2026-02-17,290.09,Paid,0
T003862,V0036,2025-07-11,1837.3,Paid,0
T003863,V0200,2025-11-16,2955.15,Paid,0
T003864,V0339,2026-02-26,15408.16,Paid,0
T003865,V0114,2025-10-17,1124.25,Pending,0
T003866,V0269,2026-02-15,2489.2,Paid,0
T003867,V0315,2025-11-24,14716.5,Paid,1
T003868,V0219,2026-02-15,14741.54,Pending,0
T003869,V0204,2025-10-31,9817.63,Paid,0
T003870,V0085,2025-12-11,2340.73,Paid,0
T003871,V0154,2026-04-13,2207.73,Paid,0
T003872,V0140,2026-03-17,12835.85,Paid,1
T003873,V0055,2025-07-12,4028.45,Paid,0
T003874,V0487,2025-10-21,8416.8,Paid,0
T003875,V0415,2025-10-11,4231.96,Paid,0
T003876,V0055,2026-04-19,11466.41,Paid,0
T003877,V0316,2025-07-12,2052.7,Paid,0
T003878,V0498,2025-12-29,1852.19,Paid,0
T003879,V0120,2026-06-05,8588.53,Paid,0
T003880,V0360,2025-12-22,3425.68,Paid,0
T003881,V0398,2026-06-13,12274.18,Paid,1
T003882,V0317,2026-06-20,27252.37,Paid,0
T003883,V0179,2025-10-17,31750.26,Paid,0
T003884,V0332,2026-02-18,1016.26,Paid,0
T003885,V0468,2025-09-17,1668.97,Pending,0
T003886,V0101,2026-04-12,3153.28,Paid,0
T003887,V0079,2026-03-02,9167.55,Paid,0
T003888,V0360,2025-08-09,2488.17,Paid,0
T003889,V0470,2026-05-07,74.53,Paid,0
T003890,V0287,2026-05-24,20976.26,Pending,0
T003891,V0063,2026-01-14,15517.08,Pending,0
T003892,V0190,2025-11-11,3202.89,Paid,0
T003893,V0306,2026-02-14,14059.31,Paid,0
T003894,V0434,2025-10-26,6719.1,Paid,0
T003895,V0431,2025-08-19,1855.44,Paid,0
T003896,V0065,2026-05-05,48055.86,Paid,0
T003897,V0089,2026-01-15,31345.29,Paid,0
T003898,V0395,2025-07-28,1111.08,Paid,0
T003899,V0300,2026-02-20,1816.85,Paid,0
T003900,V0320,2026-05-16,5114.43,Paid,0
T003901,V0025,2026-06-09,16002.71,Paid,0
T003902,V0438,2025-12-02,9306.01,Paid,0
T003903,V0349,2026-06-16,4602.9,Paid,0
T003904,V0136,2026-06-05,2560.41,Pending,0
T003905,V0239,2026-05-17,5346.87,Paid,0
T003906,V0385,2025-08-10,256641.05,Paid,0
T003907,V0197,2025-08-01,11967.68,Paid,0
T003908,V0080,2025-10-05,2032.73,Paid,0
T003909,V0123,2026-02-01,5032.67,Paid,0
T003910,V0212,2026-02-21,4189.8,Paid,0
T003911,V0296,2026-06-06,435.59,Paid,0
T003912,V0176,2025-09-09,21704.7,Paid,0
T003913,V0206,2026-02-17,16280.15,Paid,0
T003914,V0299,2025-11-10,9622.77,Pending,0
T003915,V0480,2025-10-03,3727.31,Paid,0
T003916,V0390,2025-11-04,85944.0,Paid,0
T003917,V0278,2026-02-07,5636.44,Paid,0
T003918,V0401,2025-10-21,7825.95,Paid,1
T003919,V0288,2026-03-12,3574.21,Paid,0
T003920,V0346,2026-06-02,8528.93,Paid,0
T003921,V0272,2026-03-02,54092.67,Paid,0
T003922,V0374,2025-11-13,4504.96,Paid,0
T003923,V0204,2026-01-18,9790.06,Paid,0
T003924,V0038,2026-03-31,11647.17,Paid,0
T003925,V0302,2026-04-16,37773.86,Paid,0
T003926,V0470,2026-04-18,2498.52,Paid,0
T003927,V0075,2025-11-07,10123.66,Paid,0
T003928,V0346,2025-10-18,4293.87,Paid,0
T003929,V0182,2026-01-17,38092.22,Paid,0
T003930,V0187,2026-04-10,174.27,Paid,0
T003931,V0008,2026-04-04,793.8,Paid,0
T003932,V0261,2026-06-23,6555.6,Pending,0
T003933,V0443,2025-09-25,3868.42,Paid,0
T003934,V0326,2026-02-10,1582.54,Pending,0
T003935,V0279,2025-12-25,4337.94,Paid,0
T003936,V0130,2026-06-09,596.2,Pending,0
T003937,V0323,2026-01-18,2995.8,Paid,0
T003938,V0170,2025-08-15,1771.15,Paid,0
T003939,V0220,2025-09-26,4303.06,Paid,0
T003940,V0335,2026-03-27,548.04,Paid,0
T003941,V0073,2026-05-23,2949.25,Paid,0
T003942,V0294,2025-09-10,33137.31,Paid,0
T003943,V0213,2026-06-28,3699.51,Paid,0
T003944,V0314,2026-01-13,22626.39,Paid,0
T003945,V0106,2025-06-30,2168.88,Pending,0
T003946,V0200,2025-08-19,3987.16,Paid,0
T003947,V0280,2025-11-24,736.96,Paid,0
T003948,V0374,2026-05-31,952.44,Pending,0
T003949,V0426,2026-06-19,14430.89,Paid,1
T003950,V0316,2026-04-19,35092.05,Paid,0
T003951,V0063,2025-12-15,78488.75,Paid,0
T003952,V0357,2025-09-21,5613.27,Paid,0
T003953,V0234,2026-05-27,4065.73,Paid,0
T003954,V0030,2026-06-23,16551.71,Paid,0
T003955,V0175,2026-06-11,1573.59,Paid,0
T003956,V0469,2025-12-15,184898.25,Paid,0
T003957,V0428,2025-09-30,3639.9,Paid,0
T003958,V0021,2025-10-21,806.44,Paid,0
T003959,V0122,2025-07-10,23320.13,Paid,0
T003960,V0389,2026-04-29,3202.38,Paid,0
T003961,V0435,2025-12-05,12130.92,Pending,0
T003962,V0189,2026-06-24,1289.35,Paid,0
T003963,V0306,2025-09-30,2706.31,Paid,0
T003964,V0311,2025-08-14,1536.07,Paid,0
T003965,V0281,2025-10-22,929.24,Paid,0
T003966,V0074,2026-02-11,18605.06,Paid,0
T003967,V0200,2025-06-30,33289.66,Paid,0
T003968,V0450,2025-12-25,160.2,Paid,0
T003969,V0305,2026-01-08,1274.82,Paid,0
T003970,V0344,2026-03-16,90347.66,Paid,0
T003971,V0004,2026-06-16,3661.61,Paid,0
T003972,V0429,2026-04-18,9837.87,Pending,0
T003973,V0305,2025-09-02,3947.37,Paid,0
T003974,V0479,2025-07-24,1209.64,Paid,0
T003975,V0266,2026-06-11,623.49,Paid,0
T003976,V0494,2026-04-13,29027.1,Paid,0
T003977,V0396,2025-11-09,3796.99,Pending,0
T003978,V0292,2025-07-04,9486.58,Paid,0
T003979,V0299,2026-05-09,8303.81,Paid,0
T003980,V0462,2026-05-24,92557.07,Paid,0
T003981,V0494,2025-07-22,3729.15,Paid,0
T003982,V0070,2026-01-13,2506.93,Paid,0
T003983,V0291,2025-08-24,7858.59,Paid,0
T003984,V0175,2026-04-22,10452.59,Paid,0
T003985,V0489,2026-05-16,53378.09,Paid,0
T003986,V0311,2026-06-25,514.98,Paid,0
T003987,V0473,2026-06-09,4852.03,Paid,0
T003988,V0194,2026-03-01,1851.1,Paid,0
T003989,V0356,2025-10-15,727.35,Paid,0
T003990,V0431,2026-02-23,4295.73,Paid,0
T003991,V0441,2025-10-06,8933.83,Paid,0
T003992,V0081,2025-09-14,361.16,Paid,0
T003993,V0121,2025-10-04,2888.59,Disputed,0
T003994,V0171,2026-06-14,51412.08,Paid,0
T003995,V0493,2025-09-08,3566.38,Paid,0
T003996,V0344,2026-06-28,3100.7,Paid,0
T003997,V0305,2026-06-18,1450.38,Paid,0
T003998,V0406,2026-05-09,3219.42,Paid,0
T003999,V0189,2025-12-23,743.06,Paid,0
T004000,V0215,2025-12-05,3097.3,Paid,0
T004001,V0393,2025-09-19,567.24,Paid,0
T004002,V0490,2026-05-21,357.35,Paid,0
T004003,V0215,2025-12-13,1594.36,Pending,0
T004004,V0278,2026-05-28,2310.48,Paid,1
T004005,V0286,2026-06-20,1675.82,Paid,0
T004006,V0166,2025-12-21,6027.44,Paid,0
T004007,V0171,2026-02-04,25171.47,Pending,0
T004008,V0111,2025-10-26,9758.19,Paid,0
T004009,V0371,2026-05-03,3944.02,Paid,0
T004010,V0126,2026-01-20,8639.95,Paid,0
T004011,V0486,2026-02-02,41828.52,Paid,0
T004012,V0077,2025-07-31,6289.58,Paid,0
T004013,V0054,2026-02-19,1528446.51,Disputed,1
T004014,V0348,2025-08-24,6342.57,Paid,0
T004015,V0224,2026-05-02,4582.51,Paid,0
T004016,V0038,2026-04-08,15361.27,Paid,0
T004017,V0302,2026-05-21,8500.54,Paid,0
T004018,V0076,2025-08-26,1276.89,Pending,0
T004019,V0065,2025-09-12,5299.46,Paid,0
T004020,V0233,2025-07-27,1529.8,Paid,0
T004021,V0275,2026-02-12,2048.71,Paid,0
T004022,V0383,2025-07-13,18082.48,Paid,0
T004023,V0188,2026-03-14,6133.93,Paid,0
T004024,V0007,2026-04-16,10993.34,Paid,1
T004025,V0136,2026-02-10,533.19,Disputed,0
T004026,V0091,2026-01-01,4141.8,Paid,0
T004027,V0254,2026-04-06,18392.89,Paid,0
T004028,V0358,2026-05-06,2206.22,Paid,0
T004029,V0028,2026-02-07,5351.72,Paid,0
T004030,V0157,2025-09-17,3794.44,Paid,0
T004031,V0076,2026-01-21,7971.27,Paid,0
T004032,V0062,2026-02-09,874.81,Paid,0
T004033,V0265,2026-02-02,789.02,Paid,0
T004034,V0006,2025-10-11,8479.97,Disputed,0
T004035,V0296,2026-01-04,7198.84,Paid,0
T004036,V0064,2025-09-27,301.39,Paid,0
T004037,V0352,2025-11-15,4396.91,Paid,1
T004038,V0316,2026-04-10,13081.86,Paid,0
T004039,V0360,2025-08-29,3928.26,Paid,0
T004040,V0249,2025-08-21,3524.56,Paid,0
T004041,V0486,2025-07-28,4462.88,Paid,0
T004042,V0500,2026-04-06,9974.94,Paid,0
T004043,V0078,2026-05-27,26468.55,Paid,0
T004044,V0035,2025-08-15,3283.89,Paid,0
T004045,V0015,2025-09-28,2941.15,Paid,0
T004046,V0477,2026-05-16,635.07,Paid,0
T004047,V0346,2025-09-26,61304.44,Paid,0
T004048,V0309,2026-02-27,1757.01,Paid,0
T004049,V0480,2025-12-17,62968.04,Paid,0
T004050,V0384,2026-02-16,10931.48,Paid,0
T004051,V0197,2026-06-04,14961.01,Paid,0
T004052,V0085,2025-07-28,2034.34,Paid,0
T004053,V0109,2026-02-10,1229.57,Paid,0
T004054,V0118,2026-02-12,148902.56,Paid,0
T004055,V0402,2026-06-16,7462.3,Paid,0
T004056,V0193,2025-07-02,16193.78,Paid,0
T004057,V0408,2026-02-19,1220.0,Paid,0
T004058,V0316,2026-01-16,5126.96,Paid,0
T004059,V0264,2025-07-29,2561.46,Paid,0
T004060,V0183,2026-02-12,2043.86,Paid,0
T004061,V0224,2025-10-15,1454.9,Paid,0
T004062,V0226,2026-04-28,38120.5,Pending,0
T004063,V0493,2026-03-30,765.65,Paid,0
T004064,V0343,2025-12-11,17613.1,Paid,0
T004065,V0296,2026-01-26,314.66,Paid,0
T004066,V0371,2026-06-20,1810.59,Paid,0
T004067,V0450,2025-07-20,14535.2,Paid,0
T004068,V0178,2026-05-11,45539.93,Paid,0
T004069,V0436,2025-12-16,295.12,Paid,0
T004070,V0453,2026-03-04,46137.61,Paid,0
T004071,V0496,2025-08-01,3929.56,Paid,0
T004072,V0229,2025-12-03,3340.37,Pending,0
T004073,V0491,2025-08-22,4461.58,Paid,0
T004074,V0407,2025-09-30,840.1,Paid,0
T004075,V0275,2025-07-24,15219.65,Paid,0
T004076,V0093,2026-02-01,510.61,Pending,0
T004077,V0266,2026-05-28,9843.36,Paid,0
T004078,V0241,2025-12-16,2343.36,Paid,0
T004079,V0151,2025-08-04,3098.28,Paid,1
T004080,V0094,2026-06-21,3531.21,Paid,0
T004081,V0107,2025-11-05,3314.77,Paid,0
T004082,V0431,2025-11-19,27933.76,Paid,0
T004083,V0125,2026-02-01,24046.81,Pending,0
T004084,V0036,2025-12-31,1629.41,Paid,0
T004085,V0472,2025-10-30,35774.86,Paid,0
T004086,V0130,2026-03-22,944.26,Paid,0
T004087,V0068,2026-06-26,430.29,Paid,0
T004088,V0110,2026-02-10,69277.55,Paid,0
T004089,V0275,2026-01-27,7251.85,Pending,0
T004090,V0181,2026-01-30,11454.55,Paid,0
T004091,V0008,2026-03-08,5604.87,Paid,0
T004092,V0409,2025-07-24,26133.31,Pending,0
T004093,V0178,2026-05-14,18022.84,Paid,0
T004094,V0222,2025-12-13,10019.44,Paid,0
T004095,V0322,2026-04-08,8321.47,Pending,0
T004096,V0469,2026-06-04,5551.32,Paid,0
T004097,V0474,2025-12-08,39197.64,Pending,0
T004098,V0311,2026-03-26,10518.62,Paid,0
T004099,V0355,2026-03-29,41627.82,Paid,0
T004100,V0125,2025-08-09,62652.82,Paid,0
T004101,V0285,2026-02-20,14894.25,Paid,0
T004102,V0445,2026-02-06,46102.16,Paid,0
T004103,V0227,2026-03-03,5571.98,Paid,0
T004104,V0399,2025-12-20,2037.32,Paid,0
T004105,V0015,2025-11-01,894.95,Paid,0
T004106,V0116,2025-11-14,4176.31,Paid,0
T004107,V0341,2026-03-31,2119.84,Paid,0
T004108,V0446,2026-05-21,12631.02,Paid,0
T004109,V0099,2026-05-28,25046.05,Paid,0
T004110,V0131,2025-12-16,1131.07,Paid,0
T004111,V0032,2025-09-02,11503.11,Paid,0
T004112,V0088,2026-04-07,1201.86,Paid,0
T004113,V0131,2025-07-21,2663.36,Paid,0
T004114,V0372,2026-06-23,2823.11,Paid,0
T004115,V0438,2025-08-04,2187.1,Pending,0
T004116,V0205,2026-05-26,4015.07,Disputed,0
T004117,V0176,2026-01-10,7125.61,Paid,0
T004118,V0475,2025-11-12,13895.63,Paid,0
T004119,V0365,2025-09-29,6764.12,Paid,0
T004120,V0309,2025-12-16,2531.1,Paid,0
T004121,V0338,2026-02-01,16895.18,Pending,0
T004122,V0299,2026-04-29,8877.51,Paid,0
T004123,V0250,2026-01-27,3128.29,Paid,0
T004124,V0116,2025-11-02,5929.97,Paid,0
T004125,V0259,2026-03-12,1632.25,Paid,0
T004126,V0028,2025-12-11,39286.19,Paid,0
T004127,V0345,2025-07-08,26687.0,Paid,0
T004128,V0429,2025-10-09,2272.78,Paid,0
T004129,V0252,2025-09-22,5172.94,Pending,0
T004130,V0188,2026-05-07,3183.95,Pending,0
T004131,V0342,2025-11-28,2449.25,Paid,0
T004132,V0190,2026-01-04,867.97,Paid,0
T004133,V0323,2026-01-14,237.01,Paid,0
T004134,V0264,2026-01-02,2822.43,Paid,0
T004135,V0083,2026-06-18,878.52,Paid,0
T004136,V0415,2025-07-31,31336.61,Paid,0
T004137,V0039,2026-01-17,7324.19,Paid,0
T004138,V0095,2025-08-16,4577.28,Paid,0
T004139,V0105,2025-07-20,39116.72,Paid,0
T004140,V0319,2025-11-11,4488.87,Paid,0
T004141,V0154,2025-07-29,311.69,Paid,0
T004142,V0371,2025-08-15,67369.06,Disputed,0
T004143,V0005,2026-06-24,1840.09,Paid,0
T004144,V0330,2025-07-11,6004.77,Paid,0
T004145,V0283,2025-07-19,692.88,Paid,0
T004146,V0163,2026-04-24,8601.3,Paid,0
T004147,V0312,2025-11-06,242232.87,Paid,0
T004148,V0045,2026-04-09,79325.54,Paid,0
T004149,V0411,2026-03-14,12800.93,Paid,0
T004150,V0352,2026-05-15,4035.98,Paid,0
T004151,V0045,2025-10-03,4808.95,Paid,0
T004152,V0078,2025-07-13,27550.02,Paid,0
T004153,V0258,2025-08-11,136.37,Paid,0
T004154,V0270,2026-05-04,458.69,Paid,0
T004155,V0195,2026-06-11,1623.37,Paid,0
T004156,V0294,2025-08-24,123642.32,Paid,0
T004157,V0344,2025-10-19,1455.32,Paid,0
T004158,V0106,2025-08-17,4173.74,Pending,0
T004159,V0321,2026-01-20,207.01,Paid,0
T004160,V0357,2025-08-04,14762.17,Paid,0
T004161,V0317,2025-08-27,4665.85,Paid,0
T004162,V0123,2025-10-13,16963.26,Paid,0
T004163,V0189,2026-02-05,524.68,Paid,0
T004164,V0395,2026-01-16,575.41,Paid,0
T004165,V0361,2025-09-16,433.38,Paid,0
T004166,V0423,2026-01-09,10689.03,Paid,0
T004167,V0340,2026-03-11,45483.52,Paid,0
T004168,V0437,2026-06-08,62472.32,Pending,0
T004169,V0387,2026-02-10,6526.74,Paid,0
T004170,V0205,2026-02-21,853.12,Paid,0
T004171,V0306,2026-01-19,2632.42,Paid,0
T004172,V0393,2025-11-03,4652.14,Paid,1
T004173,V0268,2025-07-04,24560.03,Paid,0
T004174,V0336,2025-07-24,5872.06,Paid,0
T004175,V0433,2025-07-15,16477.24,Paid,0
T004176,V0151,2025-11-23,36325.83,Paid,0
T004177,V0449,2026-05-29,1113.01,Paid,0
T004178,V0296,2026-03-09,1008.49,Pending,0
T004179,V0430,2026-06-19,1241.96,Paid,0
T004180,V0183,2025-12-08,6808.8,Paid,0
T004181,V0013,2025-10-17,39954.76,Paid,0
T004182,V0220,2026-03-10,15129.53,Paid,0
T004183,V0203,2026-04-14,13558.95,Paid,0
T004184,V0017,2025-11-09,10881.53,Paid,0
T004185,V0212,2026-01-31,18354.55,Paid,0
T004186,V0365,2025-11-13,1401.76,Paid,0
T004187,V0205,2025-10-24,1188.2,Paid,0
T004188,V0247,2026-01-20,1094.46,Paid,0
T004189,V0053,2025-08-25,11153.13,Paid,0
T004190,V0092,2026-04-04,1272.69,Paid,0
T004191,V0036,2025-08-06,3520.93,Paid,0
T004192,V0016,2025-10-09,5152.52,Paid,0
T004193,V0171,2025-12-21,1734.28,Paid,0
T004194,V0133,2025-09-27,15708.11,Paid,0
T004195,V0131,2025-10-26,4912.59,Paid,0
T004196,V0149,2026-06-11,863.88,Paid,0
T004197,V0291,2025-12-28,131050.23,Paid,1
T004198,V0045,2025-08-16,7432.41,Paid,0
T004199,V0398,2025-09-14,2395.12,Paid,0
T004200,V0354,2025-08-19,18637.33,Paid,0
T004201,V0412,2025-10-14,2808.48,Paid,0
T004202,V0448,2025-07-28,23704.07,Paid,0
T004203,V0405,2026-04-25,16603.5,Pending,0
T004204,V0185,2025-07-16,5500.21,Paid,0
T004205,V0133,2025-07-09,165.48,Paid,0
T004206,V0097,2026-02-27,8557.7,Paid,0
T004207,V0365,2026-06-03,21656.84,Paid,0
T004208,V0305,2025-12-28,1074.72,Paid,0
T004209,V0151,2025-09-08,15568.92,Disputed,0
T004210,V0433,2026-02-07,1273.36,Disputed,0
T004211,V0058,2026-01-28,59190.37,Paid,0
T004212,V0237,2026-04-22,8473.73,Paid,0
T004213,V0120,2025-12-07,47795.58,Paid,0
T004214,V0422,2025-09-21,630.26,Paid,0
T004215,V0047,2026-06-16,710.43,Disputed,0
T004216,V0053,2025-09-02,15776.49,Paid,0
T004217,V0208,2025-08-07,10409.62,Pending,0
T004218,V0399,2026-04-15,2532.45,Pending,0
T004219,V0089,2026-05-16,19164.03,Paid,0
T004220,V0366,2025-12-26,108079.58,Pending,0
T004221,V0104,2026-05-23,2145.89,Paid,0
T004222,V0184,2026-01-23,12001.34,Paid,0
T004223,V0025,2025-09-08,3625.18,Paid,0
T004224,V0365,2026-02-26,5160.18,Disputed,0
T004225,V0428,2026-03-25,5590.22,Paid,0
T004226,V0002,2026-03-06,9155.3,Paid,0
T004227,V0154,2026-01-21,1917.9,Disputed,0
T004228,V0299,2026-03-15,375.43,Paid,0
T004229,V0089,2025-12-01,28439.03,Paid,0
T004230,V0344,2026-03-21,1090.61,Paid,0
T004231,V0150,2026-04-12,4862.59,Paid,0
T004232,V0062,2026-05-19,1605.58,Paid,0
T004233,V0045,2026-05-28,16736.62,Disputed,0
T004234,V0387,2025-09-22,2903.94,Paid,0
T004235,V0341,2026-01-23,3961.1,Paid,0
T004236,V0369,2025-10-12,5715.17,Disputed,0
T004237,V0236,2025-08-01,3421.01,Paid,0
T004238,V0500,2025-08-24,22457.25,Paid,0
T004239,V0416,2025-11-02,4292.68,Paid,0
T004240,V0376,2026-01-29,2173.78,Paid,0
T004241,V0256,2026-06-26,16715.91,Paid,0
T004242,V0345,2026-06-20,12150.97,Paid,0
T004243,V0210,2026-06-15,1314.79,Paid,0
T004244,V0147,2026-06-09,3128.19,Paid,0
T004245,V0347,2025-11-18,423.62,Paid,0
T004246,V0301,2025-11-15,28046.49,Paid,1
T004247,V0158,2025-12-17,65699.0,Paid,0
T004248,V0092,2026-01-19,27854.21,Paid,0
T004249,V0488,2026-01-06,113998.98,Paid,1
T004250,V0237,2025-11-09,3198.89,Paid,0
T004251,V0332,2025-09-14,1972.05,Paid,0
T004252,V0176,2026-06-27,6431.26,Paid,0
T004253,V0013,2025-07-31,11200.21,Paid,0
T004254,V0371,2026-01-24,6667.74,Paid,0
T004255,V0112,2025-11-09,731.8,Paid,0
T004256,V0396,2026-03-23,2318.28,Pending,0
T004257,V0113,2026-03-11,8217.69,Paid,0
T004258,V0019,2025-10-27,68489.21,Paid,0
T004259,V0366,2025-07-27,1329.63,Pending,0
T004260,V0105,2026-02-13,334.17,Paid,0
T004261,V0276,2026-03-20,1869.06,Paid,0
T004262,V0043,2025-09-03,2552.8,Pending,0
T004263,V0138,2026-02-22,2320.62,Paid,0
T004264,V0321,2026-01-06,34196.24,Pending,0
T004265,V0293,2026-06-02,3717.17,Paid,0
T004266,V0152,2026-01-05,17757.44,Paid,0
T004267,V0074,2025-08-18,1899.18,Paid,0
T004268,V0318,2026-06-07,1543.67,Paid,0
T004269,V0323,2026-02-15,35193.31,Paid,0
T004270,V0135,2025-09-05,5662.43,Paid,0
T004271,V0114,2026-05-04,1548.83,Pending,0
T004272,V0345,2026-03-22,73242.5,Paid,0
T004273,V0122,2025-09-22,674.33,Paid,0
T004274,V0216,2025-12-23,125824.69,Paid,0
T004275,V0066,2025-12-16,614.54,Paid,0
T004276,V0269,2026-01-23,20413.4,Paid,0
T004277,V0153,2026-03-10,3950.22,Paid,0
T004278,V0348,2026-03-29,4023.68,Paid,0
T004279,V0046,2025-06-30,1861.14,Pending,0
T004280,V0196,2025-09-24,1427.68,Paid,0
T004281,V0465,2026-06-11,4121.09,Paid,0
T004282,V0306,2026-05-05,2039.76,Paid,0
T004283,V0285,2026-04-14,877.87,Paid,0
T004284,V0399,2026-06-04,7771.07,Paid,0
T004285,V0112,2025-07-16,268.39,Pending,0
T004286,V0482,2025-10-12,3098.73,Disputed,0
T004287,V0180,2026-01-15,9887.29,Paid,0
T004288,V0088,2025-10-12,1732.34,Paid,0
T004289,V0034,2026-02-03,7011.54,Paid,0
T004290,V0497,2025-07-11,10418.12,Paid,0
T004291,V0159,2025-12-02,31016.71,Pending,0
T004292,V0322,2026-06-18,1252.15,Paid,0
T004293,V0481,2025-11-20,136517.64,Paid,0
T004294,V0102,2026-03-10,939.0,Paid,0
T004295,V0337,2026-06-03,1313.34,Paid,0
T004296,V0367,2025-11-16,14489.13,Paid,0
T004297,V0492,2025-10-27,7403.87,Paid,0
T004298,V0403,2026-06-29,2122.22,Paid,0
T004299,V0200,2026-02-08,6178.74,Paid,0
T004300,V0231,2026-02-11,610.15,Paid,0
T004301,V0228,2025-11-17,2142.05,Paid,0
T004302,V0261,2025-12-10,8737.15,Paid,0
T004303,V0030,2025-09-14,1367.07,Paid,0
T004304,V0345,2026-01-15,341.58,Paid,0
T004305,V0477,2025-10-21,102.13,Paid,0
T004306,V0305,2025-12-15,2050.36,Paid,0
T004307,V0200,2025-07-16,23461.19,Paid,0
T004308,V0024,2025-10-15,2719.99,Paid,0
T004309,V0001,2025-11-30,6142.53,Paid,0
T004310,V0142,2026-02-20,701.83,Paid,0
T004311,V0042,2026-02-03,1446.36,Paid,0
T004312,V0387,2025-10-29,95389.05,Paid,0
T004313,V0180,2026-04-08,53739.02,Paid,0
T004314,V0327,2026-04-14,13245.03,Paid,0
T004315,V0111,2025-10-18,684.0,Paid,0
T004316,V0206,2025-06-30,1428.24,Paid,0
T004317,V0393,2025-07-13,1468.21,Paid,0
T004318,V0266,2025-07-05,2288.06,Disputed,0
T004319,V0048,2026-01-07,6186.2,Paid,0
T004320,V0307,2025-11-28,15168.84,Pending,0
T004321,V0321,2026-01-07,870.95,Paid,0
T004322,V0417,2026-04-29,3371.09,Paid,0
T004323,V0253,2025-08-08,4501.18,Paid,0
T004324,V0076,2026-05-01,87199.49,Pending,0
T004325,V0436,2026-04-11,16536.73,Disputed,0
T004326,V0113,2025-10-14,870.2,Paid,0
T004327,V0289,2025-11-12,37950.82,Paid,0
T004328,V0080,2026-02-14,3792.36,Pending,0
T004329,V0093,2026-01-28,71419.04,Paid,0
T004330,V0470,2025-07-30,3522.49,Paid,0
T004331,V0284,2026-02-05,13385.24,Paid,0
T004332,V0343,2026-06-28,7727.23,Paid,0
T004333,V0475,2025-10-21,2010.87,Pending,0
T004334,V0261,2026-03-10,48569.16,Paid,0
T004335,V0114,2025-08-27,2511.97,Paid,0
T004336,V0310,2025-08-22,18681.55,Paid,0
T004337,V0281,2025-07-24,28288.39,Paid,0
T004338,V0073,2025-07-25,105493.16,Pending,0
T004339,V0394,2025-07-06,471.28,Paid,0
T004340,V0449,2026-04-03,23622.79,Paid,0
T004341,V0020,2026-04-08,15154.96,Paid,0
T004342,V0290,2025-12-27,739.18,Paid,0
T004343,V0379,2025-12-17,11501.02,Paid,0
T004344,V0286,2025-10-20,16670.44,Paid,0
T004345,V0335,2025-07-20,4740.68,Paid,0
T004346,V0074,2026-06-05,6565.96,Paid,0
T004347,V0441,2026-05-29,3864.68,Paid,0
T004348,V0390,2026-05-17,5699.16,Paid,0
T004349,V0450,2026-05-03,12264.99,Pending,0
T004350,V0496,2025-11-23,4801.16,Paid,0
T004351,V0151,2026-06-09,8219.13,Disputed,0
T004352,V0044,2025-08-30,13533.61,Paid,0
T004353,V0223,2025-07-04,12465.56,Paid,0
T004354,V0482,2026-01-20,45604.28,Paid,0
T004355,V0212,2026-03-04,7427.75,Paid,0
T004356,V0255,2026-03-08,14704.03,Pending,0
T004357,V0421,2026-03-11,9052.5,Paid,0
T004358,V0104,2025-12-21,3741.51,Paid,0
T004359,V0268,2026-05-13,2314.61,Paid,0
T004360,V0186,2025-07-28,3122.32,Pending,0
T004361,V0460,2025-10-24,852.61,Paid,0
T004362,V0140,2026-01-06,23974.49,Paid,0
T004363,V0125,2025-09-14,499.67,Pending,0
T004364,V0297,2025-11-15,2349.62,Pending,0
T004365,V0329,2025-08-07,4699.18,Paid,0
T004366,V0101,2026-06-13,22941.53,Paid,0
T004367,V0279,2025-09-15,9438.5,Paid,0
T004368,V0059,2026-02-03,716.35,Pending,0
T004369,V0462,2026-03-21,9943.43,Paid,0
T004370,V0210,2025-12-23,20732.5,Paid,0
T004371,V0186,2026-03-15,488.42,Pending,0
T004372,V0444,2025-09-03,2087.38,Paid,0
T004373,V0273,2025-09-11,241.58,Paid,0
T004374,V0162,2025-12-06,2688.23,Paid,0
T004375,V0060,2025-08-03,29039.43,Paid,0
T004376,V0128,2025-11-05,2949.74,Paid,0
T004377,V0493,2026-02-26,3762.89,Paid,0
T004378,V0023,2026-03-29,688.7,Paid,0
T004379,V0357,2026-03-13,3097.43,Paid,0
T004380,V0161,2025-10-14,6880.36,Paid,0
T004381,V0364,2025-09-07,3730.38,Paid,0
T004382,V0152,2026-06-29,69116.12,Paid,1
T004383,V0199,2025-08-10,2323.74,Paid,0
T004384,V0306,2026-01-11,24346.41,Paid,0
T004385,V0105,2025-10-17,131.74,Paid,0
T004386,V0478,2026-02-15,1189.83,Paid,0
T004387,V0013,2025-07-23,84263.58,Paid,0
T004388,V0308,2026-05-03,4751.82,Paid,0
T004389,V0283,2026-01-27,15433.98,Paid,0
T004390,V0478,2026-02-28,5063.35,Pending,0
T004391,V0452,2025-09-04,566.5,Paid,0
T004392,V0112,2026-02-18,773.41,Paid,0
T004393,V0148,2026-04-24,2236.18,Paid,0
T004394,V0309,2025-12-11,3365.83,Paid,0
T004395,V0450,2026-03-25,1602.61,Paid,0
T004396,V0371,2026-03-11,1662.33,Paid,0
T004397,V0441,2025-12-27,29794.18,Paid,0
T004398,V0282,2025-09-17,34364.95,Paid,0
T004399,V0476,2025-10-16,27862.77,Paid,0
T004400,V0247,2026-04-10,92479.12,Paid,0
T004401,V0405,2025-10-18,25742.3,Paid,1
T004402,V0330,2026-04-26,24442.19,Paid,0
T004403,V0140,2026-04-04,3097.59,Paid,0
T004404,V0469,2025-11-12,1683.34,Paid,0
T004405,V0450,2026-04-13,14836.93,Paid,0
T004406,V0061,2025-07-14,3849.73,Paid,0
T004407,V0158,2026-04-12,12448.81,Paid,0
T004408,V0353,2026-01-26,17925.21,Paid,0
T004409,V0420,2026-04-08,62076.67,Paid,0
T004410,V0038,2026-05-14,1179.46,Paid,0
T004411,V0391,2026-01-25,459.32,Paid,0
T004412,V0251,2026-01-20,4048.39,Paid,0
T004413,V0108,2025-12-31,16392.34,Paid,0
T004414,V0046,2026-03-05,1159.57,Paid,0
T004415,V0417,2026-04-10,5721.15,Paid,0
T004416,V0067,2025-10-06,788.31,Paid,0
T004417,V0208,2025-08-27,3506.67,Paid,0
T004418,V0313,2025-08-23,8175.3,Paid,1
T004419,V0212,2025-11-05,4906.26,Disputed,0
T004420,V0310,2025-07-06,5417.34,Paid,0
T004421,V0420,2025-11-05,380613.05,Disputed,1
T004422,V0338,2026-05-04,5922.25,Paid,0
T004423,V0272,2026-06-03,25311.63,Paid,0
T004424,V0237,2026-06-06,1512.59,Paid,0
T004425,V0202,2025-08-29,2001.11,Paid,0
T004426,V0030,2026-01-02,5089.5,Disputed,0
T004427,V0459,2025-11-13,66292.67,Paid,0
T004428,V0386,2026-05-26,105.42,Paid,0
T004429,V0394,2026-03-07,4490.97,Paid,0
T004430,V0317,2025-08-18,22063.06,Paid,0
T004431,V0094,2026-01-27,3726.91,Paid,0
T004432,V0445,2026-05-24,10647.82,Pending,0
T004433,V0269,2025-12-22,10860.25,Paid,0
T004434,V0496,2026-03-02,15117.3,Paid,0
T004435,V0100,2026-01-26,856.94,Paid,0
T004436,V0253,2026-06-01,1962.71,Paid,0
T004437,V0414,2025-11-12,15887.95,Paid,0
T004438,V0317,2025-11-09,39712.58,Paid,0
T004439,V0179,2025-12-28,17217.49,Paid,0
T004440,V0187,2025-10-31,4163.93,Paid,0
T004441,V0140,2026-06-12,26230.21,Pending,0
T004442,V0329,2026-05-15,193.54,Paid,0
T004443,V0483,2025-07-16,64245.78,Paid,1
T004444,V0374,2026-03-30,2935.46,Paid,0
T004445,V0062,2025-11-03,3429.56,Paid,0
T004446,V0357,2025-11-18,2109.23,Pending,0
T004447,V0045,2025-12-27,137.78,Paid,0
T004448,V0161,2025-08-21,1275.78,Paid,0
T004449,V0324,2026-04-23,4003.64,Paid,0
T004450,V0144,2026-05-27,2784.19,Disputed,0
T004451,V0202,2026-02-06,10763.51,Disputed,0
T004452,V0463,2026-03-05,168.91,Paid,0
T004453,V0172,2026-04-30,64491.6,Paid,0
T004454,V0450,2025-08-14,3654.45,Paid,0
T004455,V0306,2025-12-14,1313.98,Paid,0
T004456,V0237,2026-02-28,6619.13,Disputed,0
T004457,V0442,2025-07-11,3874.98,Paid,0
T004458,V0442,2026-05-31,1717.31,Paid,0
T004459,V0438,2025-12-21,1048.36,Paid,0
T004460,V0017,2025-10-03,3008.06,Paid,0
T004461,V0031,2026-03-03,22004.65,Paid,0
T004462,V0094,2025-10-30,22721.5,Paid,0
T004463,V0057,2025-09-03,1219.41,Paid,0
T004464,V0267,2025-11-29,10058.05,Paid,0
T004465,V0479,2026-03-13,4043.02,Paid,0
T004466,V0006,2026-03-07,10758.52,Paid,0
T004467,V0433,2026-05-24,273.16,Paid,0
T004468,V0254,2025-07-18,52460.24,Paid,0
T004469,V0155,2026-02-10,5440.01,Paid,0
T004470,V0117,2025-11-07,5897.2,Paid,0
T004471,V0444,2025-12-15,65746.89,Paid,1
T004472,V0067,2026-03-02,2024.96,Paid,0
T004473,V0403,2026-01-15,13101.23,Paid,0
T004474,V0253,2026-03-22,1612.63,Pending,0
T004475,V0137,2025-07-21,7030.17,Disputed,0
T004476,V0301,2025-10-18,40943.82,Paid,1
T004477,V0217,2026-05-13,6750.48,Paid,0
T004478,V0427,2026-05-28,17619.99,Pending,1
T004479,V0467,2025-11-02,8726.08,Paid,0
T004480,V0407,2025-07-30,49159.13,Paid,0
T004481,V0061,2025-09-12,52322.57,Paid,0
T004482,V0500,2025-12-14,576.56,Paid,0
T004483,V0389,2026-06-19,108.99,Paid,0
T004484,V0122,2025-07-28,22144.82,Paid,0
T004485,V0112,2026-03-21,1222.31,Paid,0
T004486,V0105,2026-04-26,1367.51,Paid,0
T004487,V0192,2025-08-12,5809.29,Paid,0
T004488,V0264,2025-09-08,3984.19,Paid,0
T004489,V0490,2025-08-19,4979.52,Paid,0
T004490,V0352,2026-01-30,102627.85,Paid,0
T004491,V0464,2025-12-20,6577.12,Paid,0
T004492,V0217,2026-05-13,2719.56,Paid,0
T004493,V0053,2026-06-10,9994.93,Paid,0
T004494,V0059,2026-06-30,115208.79,Paid,0
T004495,V0131,2025-11-24,3590.13,Paid,0
T004496,V0228,2026-01-27,7041.73,Paid,0
T004497,V0410,2025-10-15,3059.21,Pending,0
T004498,V0260,2026-06-29,1742.42,Paid,0
T004499,V0229,2026-02-16,1353.59,Paid,0
T004500,V0363,2025-08-29,773.94,Paid,0
T004501,V0301,2025-11-04,4540.68,Paid,0
T004502,V0364,2025-11-22,6870.67,Paid,0
T004503,V0378,2026-01-29,4338.56,Pending,0
T004504,V0224,2026-02-03,317.85,Paid,0
T004505,V0433,2026-03-07,1247.34,Paid,0
T004506,V0016,2025-09-24,15788.66,Paid,0
T004507,V0011,2026-01-08,548.16,Disputed,0
T004508,V0252,2025-09-13,10051.34,Paid,0
T004509,V0145,2026-01-04,2212.31,Paid,0
T004510,V0026,2025-07-28,2929.28,Paid,0
T004511,V0494,2025-12-19,21228.77,Paid,0
T004512,V0063,2026-02-02,8048.35,Pending,0
T004513,V0248,2026-06-23,3958.42,Paid,0
T004514,V0389,2025-07-03,434.28,Paid,0
T004515,V0214,2025-07-26,2869.12,Pending,0
T004516,V0349,2026-02-26,9018.69,Paid,0
T004517,V0234,2026-04-24,1704.82,Paid,0
T004518,V0481,2026-05-11,8742.87,Paid,0
T004519,V0019,2026-03-25,720064.87,Paid,0
T004520,V0180,2026-05-26,825.61,Paid,0
T004521,V0041,2025-08-16,1926.92,Paid,0
T004522,V0363,2025-10-05,26276.7,Pending,0
T004523,V0222,2025-11-01,4911.99,Paid,0
T004524,V0456,2025-10-28,6543.37,Pending,0
T004525,V0488,2025-08-01,7127.58,Paid,0
T004526,V0481,2026-02-15,5952.92,Paid,0
T004527,V0207,2025-11-04,11140.89,Paid,0
T004528,V0005,2026-04-04,1316.24,Paid,0
T004529,V0381,2026-01-23,3638.02,Paid,0
T004530,V0158,2025-11-17,15163.37,Paid,0
T004531,V0351,2025-09-23,23577.13,Paid,0
T004532,V0305,2026-05-29,3110.77,Paid,0
T004533,V0423,2025-12-01,1394.56,Paid,0
T004534,V0340,2025-08-14,2406.74,Paid,0
T004535,V0361,2025-12-18,205.41,Paid,0
T004536,V0160,2026-05-30,1845.66,Paid,1
T004537,V0407,2026-04-24,3102.78,Paid,0
T004538,V0491,2025-08-31,11362.33,Paid,0
T004539,V0405,2025-09-12,327.47,Pending,0
T004540,V0070,2025-11-13,2840.28,Paid,0
T004541,V0240,2025-10-14,539.2,Paid,0
T004542,V0199,2026-06-10,9324.13,Pending,0
T004543,V0362,2026-03-23,44735.07,Pending,0
T004544,V0404,2025-12-15,2509.14,Pending,0
T004545,V0346,2026-02-15,15081.99,Paid,0
T004546,V0191,2026-02-20,28188.6,Paid,1
T004547,V0436,2025-09-05,77471.64,Paid,0
T004548,V0328,2025-11-07,20699.08,Pending,0
T004549,V0085,2026-02-24,742.04,Paid,0
T004550,V0099,2025-11-05,11790.25,Paid,0
T004551,V0351,2026-03-18,3944.05,Pending,0
T004552,V0071,2025-07-25,2550.88,Paid,0
T004553,V0271,2025-12-24,16259.65,Paid,0
T004554,V0322,2025-08-20,1939.54,Paid,0
T004555,V0279,2025-08-13,13468.33,Pending,0
T004556,V0211,2026-06-28,4633.59,Paid,0
T004557,V0066,2025-10-14,2241.68,Pending,0
T004558,V0381,2026-03-15,6640.53,Paid,0
T004559,V0187,2025-09-15,1748.6,Paid,0
T004560,V0471,2025-11-28,11239.56,Paid,0
T004561,V0171,2025-09-05,3952.51,Paid,0
T004562,V0049,2025-08-26,12381.47,Paid,0
T004563,V0100,2025-07-22,163.73,Paid,0
T004564,V0460,2026-01-03,398.73,Pending,0
T004565,V0072,2025-08-24,2768.28,Paid,0
T004566,V0103,2026-02-20,1149.35,Paid,0
T004567,V0128,2025-08-13,1289.24,Pending,0
T004568,V0090,2025-10-21,2240.77,Paid,0
T004569,V0262,2025-07-11,3908.75,Paid,0
T004570,V0077,2026-01-31,4358.15,Paid,0
T004571,V0323,2026-02-27,9838.88,Paid,0
T004572,V0004,2025-12-29,5568.91,Paid,0
T004573,V0490,2025-08-07,603.95,Paid,0
T004574,V0353,2026-05-02,2056.41,Paid,0
T004575,V0097,2026-04-20,102731.68,Paid,0
T004576,V0443,2026-01-05,2297.59,Paid,0
T004577,V0042,2026-01-30,529.26,Paid,0
T004578,V0097,2025-09-12,93822.09,Paid,0
T004579,V0091,2026-01-18,10399.03,Paid,0
T004580,V0476,2026-06-15,16073.02,Paid,1
T004581,V0439,2026-05-30,20744.41,Paid,0
T004582,V0399,2025-12-08,423.17,Paid,0
T004583,V0187,2025-11-03,1579.38,Paid,0
T004584,V0247,2026-06-27,43427.12,Paid,0
T004585,V0028,2025-07-01,7373.11,Paid,0
T004586,V0135,2025-10-27,3966.8,Paid,0
T004587,V0403,2026-02-21,2725.12,Paid,0
T004588,V0359,2026-05-14,13846.55,Pending,0
T004589,V0420,2026-04-15,9395.92,Paid,0
T004590,V0192,2026-01-10,5588.06,Paid,0
T004591,V0182,2026-05-05,641.81,Paid,0
T004592,V0360,2025-08-04,12768.82,Paid,0
T004593,V0127,2026-05-29,407.21,Paid,0
T004594,V0330,2026-03-12,76277.76,Paid,0
T004595,V0368,2026-05-18,3263.31,Paid,0
T004596,V0477,2026-01-04,3884.53,Disputed,0
T004597,V0443,2026-01-04,6369.0,Paid,0
T004598,V0370,2025-10-01,3693.67,Paid,0
T004599,V0390,2025-09-03,29229.26,Paid,0
T004600,V0288,2026-02-08,6143.51,Paid,0
T004601,V0311,2025-10-20,4212.47,Paid,0
T004602,V0433,2026-04-18,7245.25,Disputed,0
T004603,V0256,2026-06-18,21696.21,Paid,1
T004604,V0342,2026-06-18,5470.93,Paid,0
T004605,V0026,2025-08-12,1340.78,Paid,0
T004606,V0067,2025-08-20,1178.77,Paid,0
T004607,V0308,2026-01-21,4781.32,Paid,0
T004608,V0200,2026-06-21,48023.44,Paid,0
T004609,V0077,2025-07-18,732.21,Disputed,0
T004610,V0189,2026-01-21,33793.38,Paid,0
T004611,V0313,2025-09-27,3379.89,Paid,0
T004612,V0383,2025-11-13,3352.84,Paid,0
T004613,V0067,2025-08-26,4687.21,Pending,0
T004614,V0145,2026-03-12,4212.47,Paid,0
T004615,V0319,2026-06-06,9333.56,Paid,0
T004616,V0121,2026-01-06,2575.27,Paid,0
T004617,V0180,2025-09-12,6540.12,Paid,0
T004618,V0328,2026-04-21,1137.21,Paid,0
T004619,V0292,2026-01-31,1973.11,Paid,0
T004620,V0126,2026-04-10,4599.65,Paid,0
T004621,V0068,2026-03-20,65445.76,Paid,0
T004622,V0169,2025-12-16,406.85,Paid,0
T004623,V0142,2026-04-07,21324.23,Paid,0
T004624,V0286,2025-09-18,994.98,Paid,0
T004625,V0189,2025-08-31,3758.8,Paid,0
T004626,V0297,2025-10-21,292.5,Paid,0
T004627,V0478,2025-07-04,25055.97,Paid,0
T004628,V0433,2026-02-09,1400.49,Paid,0
T004629,V0495,2026-03-03,12289.28,Paid,0
T004630,V0041,2026-02-19,2930.34,Paid,0
T004631,V0155,2026-05-24,2521.1,Paid,0
T004632,V0036,2026-06-18,2622.19,Paid,0
T004633,V0496,2026-02-20,569.17,Paid,0
T004634,V0097,2026-01-10,22298.13,Paid,0
T004635,V0214,2025-10-03,16887.21,Paid,0
T004636,V0275,2026-01-09,5607.93,Paid,0
T004637,V0117,2026-04-22,7886.16,Paid,0
T004638,V0368,2025-08-03,4331.68,Paid,0
T004639,V0179,2025-11-19,12902.85,Paid,0
T004640,V0436,2026-03-25,21034.52,Paid,0
T004641,V0313,2026-05-14,7573.78,Paid,0
T004642,V0322,2026-04-26,1622.51,Paid,0
T004643,V0158,2026-03-14,4160.19,Pending,0
T004644,V0429,2026-01-26,10198.18,Pending,0
T004645,V0466,2025-12-12,1517.28,Paid,0
T004646,V0319,2026-06-28,8512.84,Paid,0
T004647,V0251,2025-08-11,10925.41,Paid,0
T004648,V0197,2025-07-31,782.79,Paid,0
T004649,V0026,2025-11-04,42527.76,Paid,0
T004650,V0296,2025-12-30,1539.01,Paid,0
T004651,V0391,2025-08-12,1609.32,Paid,0
T004652,V0035,2026-01-12,7120.49,Paid,0
T004653,V0425,2025-08-12,22283.14,Paid,0
T004654,V0112,2026-06-10,1485.02,Paid,0
T004655,V0266,2025-12-21,22167.91,Paid,0
T004656,V0164,2026-04-08,362.4,Paid,0
T004657,V0243,2026-04-06,1028.51,Paid,0
T004658,V0044,2026-04-25,56473.47,Paid,0
T004659,V0293,2026-04-24,18980.14,Paid,0
T004660,V0004,2025-08-12,1212.82,Paid,0
T004661,V0462,2026-04-21,7818.08,Paid,0
T004662,V0165,2025-09-16,298.06,Paid,0
T004663,V0022,2025-09-15,16009.11,Disputed,0
T004664,V0263,2026-03-23,3256.49,Paid,0
T004665,V0278,2025-09-13,1147.35,Paid,0
T004666,V0198,2026-02-19,19549.04,Paid,0
T004667,V0214,2025-12-06,1901.33,Pending,0
T004668,V0051,2025-10-05,1057.66,Paid,0
T004669,V0207,2026-03-30,2260.56,Paid,0
T004670,V0007,2025-09-02,222.44,Paid,0
T004671,V0090,2026-01-17,4623.17,Paid,0
T004672,V0006,2025-09-09,838.09,Paid,0
T004673,V0230,2026-02-27,3290.17,Pending,0
T004674,V0102,2026-05-29,23194.03,Paid,0
T004675,V0461,2026-02-03,4846.77,Paid,0
T004676,V0174,2025-09-29,1189.66,Paid,0
T004677,V0406,2026-01-05,41003.2,Pending,0
T004678,V0495,2025-09-12,1871.11,Paid,0
T004679,V0094,2026-02-06,196.57,Paid,0
T004680,V0273,2026-04-29,13492.29,Paid,0
T004681,V0386,2026-06-28,16688.94,Paid,0
T004682,V0285,2026-06-01,588.14,Paid,0
T004683,V0098,2026-01-11,19215.16,Paid,0
T004684,V0265,2025-07-10,191.34,Paid,0
T004685,V0334,2025-10-26,79.08,Paid,0
T004686,V0267,2026-05-10,8796.61,Paid,0
T004687,V0219,2026-06-14,6199.45,Paid,0
T004688,V0128,2025-12-06,29026.52,Paid,0
T004689,V0438,2026-05-31,7838.07,Paid,0
T004690,V0205,2025-10-09,17089.64,Paid,0
T004691,V0213,2025-09-02,11459.19,Paid,0
T004692,V0467,2026-04-22,2050.86,Paid,0
T004693,V0379,2025-12-30,2581.97,Paid,0
T004694,V0173,2025-08-20,3151.25,Paid,0
T004695,V0107,2026-06-02,8178.34,Pending,0
T004696,V0051,2025-07-13,7803.3,Paid,0
T004697,V0441,2026-02-04,341.32,Paid,0
T004698,V0437,2025-12-18,10415.73,Paid,0
T004699,V0472,2025-09-10,1529.15,Paid,0
T004700,V0432,2026-03-14,17861.88,Paid,0
T004701,V0364,2025-10-09,575.32,Paid,0
T004702,V0042,2026-02-10,5809.92,Paid,0
T004703,V0181,2025-12-04,24958.67,Paid,0
T004704,V0072,2025-08-30,2295.58,Paid,0
T004705,V0037,2025-08-13,260.32,Disputed,0
T004706,V0054,2025-07-08,1687.05,Paid,0
T004707,V0172,2026-04-23,317048.35,Pending,1
T004708,V0049,2026-03-17,12785.75,Paid,0
T004709,V0191,2025-08-16,824.69,Paid,0
T004710,V0013,2026-04-04,23273.46,Paid,0
T004711,V0241,2026-03-29,2618.59,Paid,0
T004712,V0145,2026-04-16,8027.44,Paid,0
T004713,V0341,2025-09-03,23005.57,Paid,0
T004714,V0131,2025-10-17,10688.26,Paid,0
T004715,V0185,2025-08-02,2171.11,Paid,0
T004716,V0057,2025-10-10,1251.53,Paid,0
T004717,V0293,2025-12-02,209.54,Disputed,0
T004718,V0351,2026-06-13,1535.06,Paid,0
T004719,V0441,2026-06-19,3826.63,Paid,0
T004720,V0040,2026-06-28,6195.85,Paid,0
T004721,V0299,2026-04-09,4831.3,Paid,0
T004722,V0217,2026-02-28,15061.97,Paid,0
T004723,V0066,2025-10-17,6497.51,Paid,0
T004724,V0234,2026-05-25,7250.29,Paid,0
T004725,V0020,2025-11-17,2193.46,Paid,0
T004726,V0210,2026-03-18,11040.08,Paid,0
T004727,V0371,2025-10-22,1568.4,Paid,0
T004728,V0493,2026-04-22,27135.86,Paid,0
T004729,V0321,2026-05-20,14584.66,Paid,0
T004730,V0170,2026-05-13,887.75,Paid,0
T004731,V0167,2025-10-30,19697.36,Pending,0
T004732,V0424,2025-12-03,13926.04,Paid,0
T004733,V0346,2026-04-14,3116.27,Paid,0
T004734,V0434,2026-01-31,2584.34,Paid,0
T004735,V0352,2025-12-24,1873.96,Paid,0
T004736,V0345,2025-12-10,22614.14,Paid,0
T004737,V0304,2026-06-11,3321.12,Pending,0
T004738,V0276,2026-04-26,33493.11,Paid,0
T004739,V0391,2025-07-16,14183.84,Paid,0
T004740,V0474,2025-11-18,737.78,Paid,0
T004741,V0089,2025-11-28,2320.43,Paid,0
T004742,V0355,2025-07-07,18185.28,Paid,0
T004743,V0356,2025-12-06,6069.75,Paid,0
T004744,V0487,2025-11-16,1109.73,Paid,0
T004745,V0485,2026-03-11,1178.55,Paid,0
T004746,V0059,2025-07-08,49695.72,Paid,0
T004747,V0125,2025-09-18,759.7,Paid,0
T004748,V0115,2025-07-14,4442.29,Paid,0
T004749,V0396,2026-03-28,7420.7,Pending,0
T004750,V0308,2026-06-12,1280.99,Paid,0
T004751,V0492,2025-10-24,5094.28,Paid,0
T004752,V0450,2026-03-13,56424.99,Paid,0
T004753,V0083,2025-11-22,4402.48,Paid,0
T004754,V0479,2026-06-13,2171.7,Disputed,0
T004755,V0126,2025-09-07,188.26,Paid,0
T004756,V0418,2026-01-06,1383.7,Paid,0
T004757,V0030,2025-07-11,2195.81,Paid,0
T004758,V0374,2025-09-17,2789.44,Paid,0
T004759,V0498,2026-06-17,2550.02,Pending,0
T004760,V0344,2025-09-17,2291.51,Paid,0
T004761,V0035,2025-08-27,265948.21,Paid,1
T004762,V0251,2025-08-21,1785.16,Paid,0
T004763,V0017,2025-12-31,14508.46,Paid,0
T004764,V0084,2026-05-27,404.55,Paid,0
T004765,V0343,2025-09-07,2280.3,Paid,0
T004766,V0494,2026-06-15,727.74,Paid,0
T004767,V0139,2025-09-10,2440.72,Pending,0
T004768,V0169,2025-12-08,258.61,Paid,0
T004769,V0498,2025-09-16,3747.59,Paid,0
T004770,V0274,2025-08-23,1181.28,Paid,0
T004771,V0496,2025-07-16,1916.45,Paid,0
T004772,V0304,2025-10-25,24322.74,Pending,0
T004773,V0378,2026-05-17,1591.5,Paid,0
T004774,V0015,2026-03-10,152.48,Paid,0
T004775,V0300,2026-06-16,59044.35,Paid,0
T004776,V0133,2025-11-27,22968.28,Paid,0
T004777,V0253,2026-03-07,4632.89,Paid,0
T004778,V0136,2026-04-26,2035.18,Paid,0
T004779,V0223,2025-07-04,2745.18,Paid,0
T004780,V0153,2026-04-05,93.0,Paid,0
T004781,V0187,2025-10-14,4823.79,Paid,0
T004782,V0288,2025-12-27,8896.41,Paid,0
T004783,V0012,2025-11-07,843.65,Paid,0
T004784,V0223,2025-07-22,871.96,Disputed,0
T004785,V0438,2025-10-21,472.34,Paid,0
T004786,V0289,2025-09-11,3692.44,Pending,0
T004787,V0054,2026-06-26,4585.3,Paid,0
T004788,V0112,2025-09-05,2042.87,Paid,0
T004789,V0355,2026-04-25,1102.77,Pending,0
T004790,V0133,2025-11-13,34443.3,Paid,0
T004791,V0474,2025-11-01,2172.45,Pending,0
T004792,V0292,2026-01-28,11128.68,Paid,0
T004793,V0384,2025-12-28,10780.16,Paid,0
T004794,V0060,2025-09-26,4217.9,Paid,0
T004795,V0148,2026-06-13,24436.26,Paid,0
T004796,V0271,2025-10-25,1751.49,Pending,0
T004797,V0083,2025-10-17,6651.51,Pending,0
T004798,V0244,2026-01-14,977.5,Paid,0
T004799,V0393,2026-06-06,2810.94,Paid,0
T004800,V0340,2026-01-03,1555.72,Paid,0
T004801,V0490,2025-08-31,27394.15,Paid,0
T004802,V0412,2025-09-05,5961.14,Paid,0
T004803,V0150,2026-06-12,10879.85,Pending,0
T004804,V0270,2025-09-07,655.94,Paid,0
T004805,V0140,2025-10-01,2011.85,Paid,0
T004806,V0386,2025-10-25,3340.13,Paid,0
T004807,V0494,2025-10-18,15146.99,Paid,0
T004808,V0491,2025-12-23,2785.45,Paid,0
T004809,V0100,2026-05-17,10608.78,Paid,0
T004810,V0196,2025-12-22,1270.87,Paid,0
T004811,V0128,2025-08-26,133231.64,Paid,1
T004812,V0285,2026-02-17,668.61,Paid,0
T004813,V0244,2026-05-14,1979.71,Paid,0
T004814,V0117,2025-08-22,2722.79,Paid,0
T004815,V0458,2025-09-19,11056.6,Paid,0
T004816,V0328,2026-06-21,5474.98,Paid,0
T004817,V0089,2025-07-14,7278.29,Paid,0
T004818,V0386,2025-08-31,6963.38,Paid,0
T004819,V0126,2026-05-01,10313.75,Paid,0
T004820,V0417,2025-12-14,34678.61,Paid,0
T004821,V0236,2025-12-31,3478.84,Paid,0
T004822,V0420,2026-04-08,5248.12,Paid,0
T004823,V0310,2025-11-21,206681.3,Paid,1
T004824,V0063,2025-10-21,5271.47,Paid,0
T004825,V0359,2026-03-05,1301.93,Disputed,0
T004826,V0301,2025-12-20,6000.39,Paid,0
T004827,V0425,2026-02-09,1745.82,Paid,0
T004828,V0202,2025-09-03,3775.97,Paid,0
T004829,V0467,2025-09-01,952.26,Paid,0
T004830,V0471,2025-10-23,8087.34,Pending,0
T004831,V0350,2026-06-17,1870.77,Pending,0
T004832,V0134,2026-06-04,1726.93,Pending,0
T004833,V0463,2025-11-23,26523.15,Paid,0
T004834,V0458,2026-06-12,15783.31,Paid,0
T004835,V0427,2026-06-21,5668.94,Disputed,0
T004836,V0045,2025-07-27,1298.65,Paid,0
T004837,V0220,2025-11-25,43354.3,Paid,0
T004838,V0231,2026-04-01,7265.35,Paid,0
T004839,V0496,2025-09-19,2502.31,Paid,0
T004840,V0137,2025-12-29,14034.79,Pending,0
T004841,V0133,2025-11-03,170228.56,Paid,1
T004842,V0248,2026-05-17,6978.17,Paid,0
T004843,V0229,2026-01-07,2679.76,Pending,0
T004844,V0463,2026-04-27,10428.09,Pending,0
T004845,V0095,2025-08-06,8687.55,Paid,1
T004846,V0260,2026-04-20,2041.63,Paid,0
T004847,V0157,2025-09-30,12451.77,Paid,1
T004848,V0438,2025-06-30,19020.51,Paid,0
T004849,V0209,2026-05-30,11388.91,Paid,0
T004850,V0466,2025-11-14,915.35,Paid,0
T004851,V0302,2026-03-20,1005.99,Paid,0
T004852,V0348,2026-05-04,12658.67,Paid,0
T004853,V0411,2025-07-22,4097.79,Paid,0
T004854,V0426,2025-11-19,12290.84,Disputed,0
T004855,V0402,2025-11-19,9031.74,Paid,0
T004856,V0159,2025-11-22,940.7,Paid,0
T004857,V0423,2026-01-11,4347.18,Paid,0
T004858,V0245,2026-06-27,18863.34,Disputed,1
T004859,V0427,2026-03-13,4138.23,Paid,0
T004860,V0371,2026-03-12,2600.55,Paid,0
T004861,V0120,2026-05-17,15231.48,Paid,0
T004862,V0363,2025-11-09,8431.08,Paid,0
T004863,V0366,2025-10-20,7642.51,Pending,0
T004864,V0419,2025-09-19,2705.63,Paid,1
T004865,V0109,2025-09-08,349.84,Pending,0
T004866,V0248,2025-08-05,732.44,Paid,0
T004867,V0238,2026-05-28,10629.48,Paid,0
T004868,V0302,2025-10-26,27050.3,Paid,0
T004869,V0159,2026-01-05,3867.03,Paid,0
T004870,V0485,2026-02-15,13456.67,Paid,0
T004871,V0222,2026-01-13,3575.4,Paid,0
T004872,V0181,2025-09-02,1060.16,Paid,0
T004873,V0095,2025-08-05,4802.94,Paid,0
T004874,V0254,2026-03-27,673.03,Paid,0
T004875,V0185,2025-11-30,31117.68,Paid,1
T004876,V0186,2026-06-19,3850.08,Paid,0
T004877,V0352,2025-11-18,810.64,Paid,0
T004878,V0441,2026-02-06,2648.81,Paid,0
T004879,V0291,2025-10-30,21378.56,Paid,0
T004880,V0129,2026-03-13,5520.31,Paid,0
T004881,V0357,2025-11-25,2194.48,Paid,0
T004882,V0099,2026-01-26,297073.76,Paid,0
T004883,V0268,2025-10-16,1156.06,Paid,0
T004884,V0124,2025-12-15,2693.35,Paid,0
T004885,V0499,2025-11-03,7890.89,Paid,0
T004886,V0295,2025-12-28,35595.39,Paid,0
T004887,V0238,2026-05-30,5403.09,Paid,0
T004888,V0024,2026-06-19,467.66,Paid,0
T004889,V0421,2026-02-06,22115.1,Paid,0
T004890,V0087,2026-04-29,12756.96,Paid,0
T004891,V0186,2025-08-28,4507.98,Paid,0
T004892,V0373,2026-05-06,6451.87,Paid,0
T004893,V0439,2026-06-11,4348.79,Paid,0
T004894,V0411,2026-01-03,10600.85,Pending,0
T004895,V0375,2026-01-11,1580.16,Paid,0
T004896,V0353,2025-10-01,2532.53,Paid,0
T004897,V0109,2026-06-12,2346.17,Paid,0
T004898,V0197,2025-09-03,1336.54,Paid,0
T004899,V0121,2025-07-27,8113.49,Paid,0
T004900,V0270,2025-11-22,1168.45,Paid,0
T004901,V0145,2026-03-27,686.1,Paid,0
T004902,V0189,2025-07-07,57215.62,Pending,0
T004903,V0483,2025-10-02,6352.09,Pending,0
T004904,V0312,2026-02-23,8438.93,Paid,0
T004905,V0121,2026-06-11,1305.0,Paid,0
T004906,V0446,2026-03-07,4145.84,Paid,0
T004907,V0132,2026-02-10,3177.13,Paid,0
T004908,V0116,2025-12-19,1855.42,Paid,0
T004909,V0050,2025-09-30,25721.35,Pending,0
T004910,V0127,2026-04-23,250.1,Paid,0
T004911,V0137,2025-09-29,4471.72,Paid,0
T004912,V0031,2026-05-24,13644.09,Paid,0
T004913,V0081,2026-02-26,14770.42,Paid,0
T004914,V0170,2026-03-15,1675.2,Paid,0
T004915,V0361,2026-04-15,8175.52,Paid,0
T004916,V0125,2026-04-16,10318.05,Pending,0
T004917,V0486,2025-11-24,10852.88,Paid,0
T004918,V0345,2025-10-03,26429.32,Paid,0
T004919,V0307,2025-08-14,13231.03,Paid,0
T004920,V0137,2025-11-25,165.23,Paid,0
T004921,V0407,2026-01-30,6526.73,Paid,0
T004922,V0473,2026-06-27,7128.36,Paid,0
T004923,V0368,2026-03-13,2335.89,Paid,0
T004924,V0260,2026-02-13,21779.32,Paid,0
T004925,V0469,2025-10-19,244.38,Paid,0
T004926,V0302,2025-07-22,86630.22,Disputed,0
T004927,V0176,2026-03-20,12873.55,Pending,0
T004928,V0453,2025-12-16,2155.49,Paid,0
T004929,V0284,2026-06-01,8099.16,Paid,1
T004930,V0327,2025-10-18,477.67,Paid,0
T004931,V0404,2026-06-08,1061.1,Paid,0
T004932,V0034,2025-12-18,2145.68,Paid,0
T004933,V0161,2026-03-10,143667.41,Paid,0
T004934,V0374,2026-03-12,2278.98,Paid,0
T004935,V0185,2026-04-22,9276.69,Paid,1
T004936,V0394,2025-10-25,12003.4,Paid,0
T004937,V0432,2026-01-18,15906.59,Paid,0
T004938,V0289,2025-09-19,1031.96,Paid,0
T004939,V0301,2026-05-20,1585.49,Paid,0
T004940,V0249,2026-01-19,3689.63,Pending,0
T004941,V0158,2025-10-17,4236.29,Paid,0
T004942,V0092,2026-04-28,5784.35,Paid,0
T004943,V0327,2025-09-14,2042.01,Paid,0
T004944,V0045,2026-06-09,24150.34,Paid,0
T004945,V0413,2026-02-06,17641.85,Paid,0
T004946,V0028,2026-04-05,1529.34,Paid,0
T004947,V0385,2026-03-12,13650.49,Paid,1
T004948,V0080,2025-12-06,2144.03,Paid,0
T004949,V0353,2026-04-13,54103.2,Paid,0
T004950,V0266,2026-01-25,5487.1,Pending,0
T004951,V0009,2026-03-28,1830.39,Paid,0
T004952,V0085,2026-04-18,4589.2,Paid,0
T004953,V0075,2025-10-15,136535.81,Paid,0
T004954,V0082,2026-03-06,6663.33,Paid,0
T004955,V0139,2026-02-24,8767.22,Pending,0
T004956,V0221,2026-01-29,3799.43,Disputed,0
T004957,V0307,2026-01-13,2697.81,Paid,0
T004958,V0198,2026-03-23,41133.64,Pending,0
T004959,V0185,2025-08-11,5347.9,Paid,0
T004960,V0045,2025-10-25,8539.79,Disputed,0
T004961,V0117,2026-06-21,85150.45,Paid,0
T004962,V0063,2026-01-18,6218.71,Paid,0
T004963,V0412,2025-09-07,25921.31,Disputed,0
T004964,V0309,2025-11-03,11053.5,Paid,0
T004965,V0345,2025-09-18,1346.19,Paid,0
T004966,V0016,2025-07-03,7347.86,Paid,0
T004967,V0038,2025-10-07,140.4,Paid,0
T004968,V0348,2025-08-03,5648.3,Paid,0
T004969,V0063,2026-04-07,7309.94,Paid,0
T004970,V0094,2026-05-14,3386.01,Paid,0
T004971,V0340,2026-02-18,4676.89,Paid,0
T004972,V0008,2025-07-03,23023.59,Paid,0
T004973,V0385,2025-08-09,27926.09,Disputed,0
T004974,V0109,2025-09-27,5408.36,Pending,0
T004975,V0466,2026-03-03,991.92,Paid,0
T004976,V0059,2026-02-23,69498.59,Paid,1
T004977,V0096,2025-07-16,11642.84,Paid,0
T004978,V0441,2026-04-05,18099.66,Paid,0
T004979,V0059,2025-09-29,13011.51,Paid,0
T004980,V0013,2026-01-07,1933.98,Paid,0
T004981,V0350,2025-12-26,1249.63,Paid,0
T004982,V0445,2025-07-21,938.76,Paid,0
T004983,V0085,2026-03-27,1337.63,Paid,0
T004984,V0388,2025-08-11,3036.93,Paid,0
T004985,V0473,2026-02-24,76324.16,Paid,0
T004986,V0307,2025-07-03,2097.89,Paid,0
T004987,V0132,2025-09-24,13965.88,Paid,1
T004988,V0154,2025-08-11,3994.24,Paid,0
T004989,V0439,2025-07-11,994.34,Paid,0
T004990,V0312,2026-03-24,2784.59,Paid,0
T004991,V0166,2025-12-10,1888.63,Paid,0
T004992,V0032,2025-10-27,19234.75,Paid,0
T004993,V0026,2025-07-03,8254.14,Paid,0
T004994,V0202,2025-11-16,47531.05,Paid,0
T004995,V0165,2025-12-14,4880.33,Paid,0
T004996,V0227,2025-11-01,30915.22,Paid,0
T004997,V0056,2025-08-15,9363.32,Paid,0
T004998,V0459,2025-10-08,29841.26,Paid,0
T004999,V0021,2026-01-02,971.64,Paid,0
T005000,V0346,2026-02-25,35329.0,Paid,0
T005001,V0040,2025-08-14,3702.67,Paid,0
T005002,V0416,2026-02-10,30606.72,Disputed,0
T005003,V0323,2026-06-01,12328.8,Paid,0
T005004,V0310,2025-07-12,2547.87,Pending,0
T005005,V0278,2026-06-01,5544.8,Paid,0
T005006,V0386,2025-11-17,15671.65,Paid,0
T005007,V0206,2026-02-22,1099.58,Paid,0
T005008,V0138,2026-04-15,3829.33,Paid,0
T005009,V0405,2025-08-17,4131.27,Pending,0
T005010,V0446,2026-02-23,77592.02,Paid,0
T005011,V0180,2025-10-25,1911.91,Paid,0
T005012,V0070,2025-12-12,12321.81,Paid,0
T005013,V0289,2026-04-10,4533.47,Paid,0
T005014,V0235,2025-09-25,50023.65,Paid,0
T005015,V0174,2026-06-23,20346.88,Paid,1
T005016,V0458,2026-05-09,1417.19,Paid,0
T005017,V0311,2026-03-27,2327.52,Paid,0
T005018,V0347,2026-02-17,1255.83,Paid,0
T005019,V0408,2026-06-11,1381.26,Paid,0
T005020,V0284,2026-01-29,9435.56,Paid,0
T005021,V0128,2025-12-17,6856.05,Paid,0
T005022,V0126,2025-11-15,10510.06,Paid,0
T005023,V0192,2026-01-19,9062.95,Paid,0
T005024,V0498,2026-01-28,2131.66,Paid,0
T005025,V0094,2025-10-19,1267.57,Paid,0
T005026,V0186,2025-08-29,150.67,Disputed,0
T005027,V0171,2026-03-01,7390.58,Paid,0
T005028,V0273,2025-11-30,629.95,Paid,0
T005029,V0057,2026-01-03,324.53,Pending,0
T005030,V0140,2026-03-08,7418.87,Paid,0
T005031,V0092,2026-04-26,7810.89,Paid,0
T005032,V0373,2025-10-12,1451.74,Paid,0
T005033,V0254,2026-01-07,21548.07,Paid,0
T005034,V0002,2025-07-31,3149.91,Disputed,0
T005035,V0334,2025-08-07,12266.15,Pending,0
T005036,V0091,2026-06-16,5927.2,Disputed,0
T005037,V0014,2026-03-14,1327.49,Pending,0
T005038,V0123,2026-03-01,6397.69,Pending,0
T005039,V0158,2025-10-13,302797.58,Paid,0
T005040,V0216,2026-04-28,1865.76,Pending,0
T005041,V0321,2026-01-27,1608.81,Paid,0
T005042,V0416,2025-09-13,165467.62,Paid,0
T005043,V0490,2026-06-23,26291.51,Paid,1
T005044,V0225,2025-08-11,8237.77,Paid,1
T005045,V0213,2025-07-22,4423.08,Paid,0
T005046,V0405,2026-03-18,1597.25,Pending,0
T005047,V0136,2026-06-24,7325.57,Pending,0
T005048,V0317,2026-01-18,25646.99,Paid,0
T005049,V0232,2026-03-15,14436.53,Paid,0
T005050,V0147,2025-08-12,2370.35,Paid,0
T005051,V0244,2025-10-22,13222.52,Paid,0
T005052,V0217,2025-08-03,11069.49,Paid,0
T005053,V0475,2025-12-11,35511.1,Paid,0
T005054,V0166,2026-06-02,4334.48,Pending,0
T005055,V0360,2026-05-07,19824.35,Paid,1
T005056,V0241,2026-06-02,42108.75,Paid,0
T005057,V0228,2026-02-07,907.08,Paid,0
T005058,V0301,2025-10-19,12523.49,Paid,0
T005059,V0396,2025-11-20,13221.26,Paid,0
T005060,V0499,2026-02-07,6751.59,Paid,0
T005061,V0494,2026-01-12,4098.66,Paid,0
T005062,V0158,2026-06-11,8657.13,Paid,1
T005063,V0409,2025-09-25,2159.75,Paid,0
T005064,V0430,2026-05-31,14821.01,Pending,1
T005065,V0177,2026-04-24,1815.6,Paid,0
T005066,V0120,2025-12-11,3642.8,Paid,0
T005067,V0126,2026-02-25,78791.32,Paid,0
T005068,V0422,2026-02-13,12309.77,Paid,0
T005069,V0397,2025-12-12,4326.02,Paid,0
T005070,V0416,2025-12-27,43653.96,Paid,0
T005071,V0483,2025-12-16,19198.82,Paid,0
T005072,V0027,2025-08-11,35277.73,Pending,0
T005073,V0437,2026-03-02,8820.29,Paid,0
T005074,V0352,2026-02-04,2999.73,Paid,0
T005075,V0131,2026-06-12,5776.82,Paid,0
T005076,V0265,2025-12-20,1834.06,Paid,0
T005077,V0046,2025-12-22,5908.13,Paid,0
T005078,V0289,2025-12-10,4417.18,Paid,0
T005079,V0036,2026-06-27,8119.96,Paid,0
T005080,V0315,2025-11-22,3680.99,Paid,0
T005081,V0012,2025-11-15,5131.8,Paid,1
T005082,V0454,2026-01-24,570.94,Paid,0
T005083,V0230,2025-09-11,5689.16,Disputed,0
T005084,V0458,2025-10-04,16951.56,Paid,0
T005085,V0489,2026-05-09,22022.95,Paid,0
T005086,V0425,2026-06-11,1336.53,Paid,0
T005087,V0271,2026-05-28,2160.22,Paid,0
T005088,V0341,2025-09-30,15525.93,Paid,0
T005089,V0242,2026-04-09,7043.9,Paid,0
T005090,V0298,2025-10-31,36550.07,Pending,0
T005091,V0256,2026-02-19,17111.34,Paid,0
T005092,V0489,2026-02-18,3109.72,Paid,0
T005093,V0030,2025-10-14,1215.88,Paid,0
T005094,V0184,2025-08-25,3440.16,Paid,0
T005095,V0422,2025-07-25,6865.45,Paid,0
T005096,V0097,2026-05-30,1379.62,Disputed,0
T005097,V0267,2025-12-08,786.85,Paid,0
T005098,V0129,2025-07-08,2173.82,Paid,0
T005099,V0145,2025-08-23,11402.39,Paid,0
T005100,V0081,2025-08-23,3756.53,Paid,0
T005101,V0131,2026-06-03,273.34,Paid,0
T005102,V0128,2025-07-27,1653.41,Paid,0
T005103,V0245,2025-09-24,1607.13,Paid,0
T005104,V0397,2025-12-31,5023.73,Paid,0
T005105,V0192,2026-04-05,1732.82,Paid,0
T005106,V0458,2025-08-12,36652.98,Disputed,0
T005107,V0154,2026-05-04,3391.02,Paid,0
T005108,V0299,2025-08-03,36212.78,Paid,0
T005109,V0202,2026-06-01,2449.07,Paid,0
T005110,V0004,2025-07-15,12250.53,Paid,0
T005111,V0253,2025-07-04,19666.34,Paid,0
T005112,V0352,2025-12-24,10157.36,Paid,0
T005113,V0481,2025-07-22,23276.64,Paid,0
T005114,V0074,2026-05-24,8132.54,Paid,0
T005115,V0237,2026-03-04,7541.23,Paid,0
T005116,V0345,2025-11-04,4538.29,Paid,0
T005117,V0198,2025-11-14,2885.79,Paid,0
T005118,V0332,2025-09-29,30090.66,Paid,0
T005119,V0065,2026-04-13,16284.66,Paid,0
T005120,V0047,2025-12-28,10397.79,Paid,0
T005121,V0261,2025-08-04,1184.01,Paid,0
T005122,V0428,2026-01-28,7812.25,Paid,0
T005123,V0299,2025-12-01,2317.43,Paid,0
T005124,V0008,2025-12-21,6386.95,Paid,0
T005125,V0443,2025-08-05,959.42,Paid,0
T005126,V0068,2025-11-10,5121.63,Paid,0
T005127,V0066,2025-08-10,3325.47,Pending,0
T005128,V0286,2026-06-23,42468.28,Paid,0
T005129,V0293,2026-03-16,9217.95,Paid,0
T005130,V0178,2025-09-20,4848.81,Paid,0
T005131,V0449,2025-10-01,1515.71,Paid,0
T005132,V0129,2025-09-06,1446.54,Paid,0
T005133,V0006,2025-08-25,4738.01,Paid,0
T005134,V0293,2026-03-14,15528.46,Paid,0
T005135,V0429,2026-03-25,2969.96,Paid,0
T005136,V0404,2025-09-14,1361.86,Paid,0
T005137,V0252,2026-02-17,2210.79,Paid,0
T005138,V0267,2025-12-05,13556.84,Paid,0
T005139,V0066,2025-12-04,10683.18,Pending,0
T005140,V0196,2025-10-13,11882.1,Paid,0
T005141,V0175,2026-01-27,507.11,Paid,0
T005142,V0495,2025-11-01,28232.66,Paid,0
T005143,V0423,2026-06-09,15860.71,Disputed,0
T005144,V0495,2025-09-09,11907.61,Paid,0
T005145,V0341,2025-08-01,8579.05,Paid,0
T005146,V0041,2026-02-23,4472.98,Paid,0
T005147,V0201,2026-02-02,3435.05,Pending,0
T005148,V0156,2026-03-02,1736.79,Paid,0
T005149,V0144,2025-12-19,15299.14,Paid,0
T005150,V0308,2025-11-19,1747.08,Paid,0
T005151,V0342,2025-08-24,7749.29,Paid,0
T005152,V0433,2026-06-17,3296.14,Paid,0
T005153,V0299,2026-05-19,646.43,Paid,0
T005154,V0028,2026-01-05,3203.08,Paid,0
T005155,V0065,2026-06-23,20512.91,Paid,0
T005156,V0319,2025-11-26,29449.81,Paid,0
T005157,V0371,2026-05-02,20698.46,Paid,0
T005158,V0003,2026-06-30,7148.88,Paid,0
T005159,V0126,2026-01-20,12292.29,Paid,0
T005160,V0178,2025-09-08,270431.83,Paid,0
T005161,V0413,2026-01-14,558.96,Paid,0
T005162,V0476,2026-04-14,7401.03,Paid,0
T005163,V0157,2026-04-13,37678.98,Paid,0
T005164,V0382,2025-11-08,11484.14,Paid,0
T005165,V0210,2026-01-18,42906.5,Paid,0
T005166,V0009,2025-07-17,16176.92,Paid,0
T005167,V0178,2026-01-20,16543.56,Paid,0
T005168,V0357,2026-05-29,6436.25,Pending,0
T005169,V0297,2025-11-22,319.35,Paid,0
T005170,V0288,2025-12-14,9870.06,Paid,0
T005171,V0022,2026-02-09,1950.76,Paid,1
T005172,V0325,2026-06-29,7851.46,Disputed,0
T005173,V0227,2025-09-21,4058.11,Paid,0
T005174,V0459,2026-01-08,2583.83,Paid,0
T005175,V0323,2026-06-21,658.35,Paid,0
T005176,V0147,2025-10-07,7466.52,Paid,0
T005177,V0420,2026-02-15,1902.34,Paid,0
T005178,V0003,2026-04-28,1882.59,Paid,0
T005179,V0383,2025-10-31,8543.32,Disputed,0
T005180,V0220,2026-03-30,585.39,Paid,0
T005181,V0215,2025-09-03,13709.65,Paid,0
T005182,V0435,2025-08-15,14673.56,Paid,0
T005183,V0240,2025-07-06,6022.23,Paid,0
T005184,V0108,2026-03-22,5028.37,Pending,0
T005185,V0364,2025-10-26,15630.27,Paid,0
T005186,V0386,2026-04-19,1085.56,Paid,0
T005187,V0142,2025-08-22,960.38,Paid,0
T005188,V0255,2025-08-03,5252.12,Paid,0
T005189,V0151,2025-09-02,47379.15,Paid,0
T005190,V0090,2025-12-30,6967.35,Paid,0
T005191,V0022,2025-10-08,22920.06,Paid,0
T005192,V0151,2025-09-23,8449.41,Paid,0
T005193,V0230,2026-05-14,26107.6,Paid,0
T005194,V0390,2025-09-09,1302.53,Paid,0
T005195,V0240,2026-01-15,32566.48,Paid,0
T005196,V0481,2025-12-10,829.28,Paid,0
T005197,V0274,2026-02-21,1045.48,Paid,0
T005198,V0052,2026-03-18,1886.62,Paid,0
T005199,V0105,2026-05-20,12566.45,Paid,0
T005200,V0198,2026-01-11,7874.46,Pending,1
T005201,V0287,2025-08-09,5645.23,Pending,0
T005202,V0040,2026-02-25,5033.21,Paid,0
T005203,V0432,2026-02-16,4724.09,Paid,0
T005204,V0417,2026-06-05,7033.38,Pending,0
T005205,V0031,2025-09-17,335908.84,Paid,0
T005206,V0139,2025-07-17,1976.95,Paid,0
T005207,V0429,2025-07-06,3578.81,Pending,0
T005208,V0087,2025-11-13,16015.17,Paid,0
T005209,V0175,2026-02-23,180.03,Paid,0
T005210,V0187,2025-08-17,9660.49,Paid,0
T005211,V0091,2025-12-28,4046.82,Paid,0
T005212,V0486,2026-03-22,453597.94,Paid,0
T005213,V0336,2026-05-05,5915.86,Paid,0
T005214,V0486,2025-08-22,9909.58,Paid,0
T005215,V0244,2025-11-04,22283.67,Paid,0
T005216,V0220,2025-11-23,15082.66,Paid,0
T005217,V0339,2026-01-27,67161.1,Paid,0
T005218,V0108,2025-08-03,14937.89,Paid,0
T005219,V0091,2026-03-05,738.52,Paid,0
T005220,V0124,2025-10-13,23842.69,Paid,0
T005221,V0454,2025-12-31,4129.23,Pending,0
T005222,V0173,2026-02-25,8557.09,Paid,0
T005223,V0328,2025-10-11,30580.94,Paid,0
T005224,V0383,2026-06-08,3584.3,Paid,0
T005225,V0324,2026-01-09,7027.75,Paid,0
T005226,V0371,2025-09-30,6812.31,Paid,0
T005227,V0143,2026-02-25,6375.93,Paid,0
T005228,V0270,2025-08-18,17789.29,Paid,0
T005229,V0080,2025-09-29,8629.63,Paid,0
T005230,V0481,2026-01-16,1817.19,Pending,0
T005231,V0049,2026-03-13,2954.67,Paid,0
T005232,V0314,2025-09-22,1207.05,Paid,0
T005233,V0464,2025-09-19,5021.44,Paid,0
T005234,V0446,2026-05-09,10722.22,Paid,0
T005235,V0052,2026-02-03,24076.06,Paid,0
T005236,V0048,2025-10-07,191.88,Paid,0
T005237,V0089,2026-04-02,3048.53,Disputed,0
T005238,V0108,2025-11-29,4204.07,Paid,0
T005239,V0483,2026-04-01,1420.39,Paid,0
T005240,V0406,2026-05-29,8563.94,Paid,0
T005241,V0202,2025-10-15,6431.45,Paid,1
T005242,V0053,2026-02-25,1265.31,Paid,0
T005243,V0008,2025-10-28,2747.21,Paid,0
T005244,V0401,2026-06-06,4904.04,Paid,0
T005245,V0123,2025-11-07,89239.77,Paid,0
T005246,V0118,2025-08-17,951.02,Paid,0
T005247,V0385,2025-09-11,5383.39,Paid,0
T005248,V0385,2025-07-01,5541.6,Pending,0
T005249,V0488,2026-01-09,1091.17,Paid,0
T005250,V0160,2026-03-26,4097.07,Paid,0
T005251,V0383,2025-07-22,76668.25,Paid,0
T005252,V0004,2025-11-28,4030.25,Paid,0
T005253,V0338,2025-12-18,130621.93,Pending,0
T005254,V0069,2025-12-06,2871.32,Paid,0
T005255,V0241,2025-10-21,13114.33,Paid,0
T005256,V0448,2025-09-28,19146.54,Paid,0
T005257,V0293,2025-10-07,1174.39,Paid,0
T005258,V0040,2025-08-03,6953.03,Paid,0
T005259,V0265,2026-01-07,18532.33,Paid,0
T005260,V0049,2025-11-06,5587.01,Paid,0
T005261,V0063,2026-03-12,11506.19,Paid,0
T005262,V0131,2025-08-02,87989.54,Paid,0
T005263,V0092,2025-09-18,5197.29,Paid,0
T005264,V0335,2025-09-30,354.96,Paid,0
T005265,V0057,2026-02-10,35583.73,Paid,0
T005266,V0214,2026-05-06,3819.61,Paid,0
T005267,V0030,2026-03-01,6721.35,Paid,0
T005268,V0127,2026-06-17,12678.27,Paid,0
T005269,V0129,2026-05-03,3675.78,Paid,0
T005270,V0259,2025-11-21,643.27,Disputed,0
T005271,V0348,2025-10-26,4573.86,Paid,0
T005272,V0304,2025-11-13,223.64,Paid,0
T005273,V0010,2025-10-05,3688.03,Paid,0
T005274,V0336,2025-11-02,33989.37,Paid,0
T005275,V0011,2025-12-17,932.63,Paid,0
T005276,V0172,2026-04-25,938.47,Pending,0
T005277,V0239,2026-03-06,1163.62,Paid,0
T005278,V0119,2026-04-16,1867.99,Paid,0
T005279,V0259,2026-06-17,2285.3,Paid,0
T005280,V0151,2025-11-19,7324.8,Paid,0
T005281,V0113,2026-01-17,3604.96,Pending,0
T005282,V0241,2025-11-11,3372.17,Paid,0
T005283,V0431,2025-09-05,43022.5,Paid,0
T005284,V0157,2025-10-18,11594.35,Paid,0
T005285,V0203,2026-05-07,13104.67,Paid,0
T005286,V0354,2026-02-05,3733.99,Paid,0
T005287,V0342,2025-08-19,3673.94,Paid,0
T005288,V0077,2025-11-10,29664.97,Paid,0
T005289,V0198,2025-11-14,19805.94,Paid,0
T005290,V0490,2026-05-15,13137.89,Paid,0
T005291,V0358,2026-01-19,8475.3,Paid,0
T005292,V0361,2025-07-15,1325.73,Paid,0
T005293,V0369,2025-12-02,4188.02,Paid,0
T005294,V0446,2026-05-30,3921.28,Paid,0
T005295,V0316,2025-07-20,6719.59,Paid,0
T005296,V0187,2026-01-15,27588.19,Paid,0
T005297,V0313,2026-01-13,27734.19,Paid,0
T005298,V0106,2026-01-21,9496.58,Pending,0
T005299,V0266,2025-07-10,2814.71,Disputed,0
T005300,V0161,2026-02-04,7445.98,Paid,0
T005301,V0366,2025-09-20,5080.58,Paid,0
T005302,V0035,2026-06-11,6023.79,Paid,0
T005303,V0119,2026-01-26,378.6,Paid,0
T005304,V0440,2025-12-16,3546.15,Paid,0
T005305,V0468,2025-08-25,27498.54,Paid,0
T005306,V0282,2025-08-03,5705.97,Paid,0
T005307,V0086,2026-03-08,25539.63,Paid,0
T005308,V0467,2026-05-28,730.43,Paid,0
T005309,V0451,2026-01-23,436.09,Paid,0
T005310,V0347,2026-04-12,376.56,Paid,0
T005311,V0110,2026-02-18,16371.34,Paid,0
T005312,V0207,2026-03-09,3255.31,Paid,0
T005313,V0473,2025-08-17,11663.62,Paid,1
T005314,V0402,2026-02-12,3540.38,Pending,0
T005315,V0063,2025-07-26,10844.2,Paid,0
T005316,V0311,2026-03-05,1222.74,Paid,0
T005317,V0288,2026-03-14,8777.01,Paid,0
T005318,V0474,2025-10-13,10786.5,Paid,0
T005319,V0422,2026-05-02,34204.97,Paid,0
T005320,V0324,2025-12-11,41338.71,Paid,0
T005321,V0428,2026-02-21,74071.43,Disputed,0
T005322,V0125,2026-06-06,4720.29,Paid,0
T005323,V0097,2026-04-26,9760.59,Paid,0
T005324,V0408,2026-02-05,12331.13,Paid,0
T005325,V0366,2026-01-21,2158.39,Paid,0
T005326,V0494,2025-09-18,1097.02,Paid,0
T005327,V0350,2026-01-19,23296.9,Paid,0
T005328,V0001,2026-02-09,1622.85,Disputed,0
T005329,V0377,2026-06-17,4298.57,Disputed,0
T005330,V0005,2026-01-26,386.48,Paid,0
T005331,V0470,2025-07-12,8696.48,Paid,0
T005332,V0466,2026-01-24,4420.58,Paid,0
T005333,V0225,2025-07-17,1324.17,Paid,0
T005334,V0328,2025-10-26,6391.78,Paid,0
T005335,V0454,2026-03-04,1049.04,Paid,0
T005336,V0240,2026-03-19,458.24,Paid,0
T005337,V0011,2026-01-16,8277.23,Paid,0
T005338,V0017,2026-06-04,16962.4,Paid,0
T005339,V0360,2026-05-15,26490.64,Paid,0
T005340,V0406,2026-06-09,3672.69,Paid,0
T005341,V0336,2025-07-02,994.73,Paid,0
T005342,V0498,2026-05-29,24065.1,Paid,0
T005343,V0484,2026-03-13,3860.12,Pending,0
T005344,V0123,2026-03-22,911.49,Paid,0
T005345,V0194,2026-02-12,46758.16,Paid,0
T005346,V0191,2025-09-06,3568.71,Paid,0
T005347,V0377,2025-12-25,771.11,Paid,0
T005348,V0149,2025-08-16,1622.7,Paid,0
T005349,V0429,2026-06-22,5978.3,Pending,0
T005350,V0288,2026-01-19,31164.18,Paid,0
T005351,V0018,2026-01-12,8390.62,Paid,0
T005352,V0248,2026-04-26,24767.25,Paid,0
T005353,V0300,2025-10-10,4327.55,Paid,0
T005354,V0428,2025-09-26,4286.77,Paid,0
T005355,V0445,2025-12-18,5289.18,Disputed,0
T005356,V0217,2026-06-17,1774.25,Paid,0
T005357,V0204,2025-11-18,7917.17,Paid,0
T005358,V0469,2026-02-05,11645.72,Paid,0
T005359,V0346,2025-11-10,665.95,Paid,0
T005360,V0227,2025-08-06,8923.82,Paid,0
T005361,V0308,2026-06-02,1665.73,Paid,0
T005362,V0342,2026-05-27,38088.81,Paid,0
T005363,V0206,2026-03-20,34907.43,Paid,1
T005364,V0278,2026-04-29,6390.57,Pending,0
T005365,V0261,2025-07-21,5724.68,Paid,0
T005366,V0430,2025-07-12,3301.93,Paid,0
T005367,V0370,2025-07-24,10576.72,Paid,0
T005368,V0337,2026-02-06,30450.97,Paid,0
T005369,V0055,2025-10-28,15095.42,Pending,0
T005370,V0492,2026-05-21,10656.69,Paid,0
T005371,V0371,2025-12-24,15753.29,Paid,0
T005372,V0235,2025-11-13,25834.8,Paid,0
T005373,V0462,2026-06-18,18831.57,Paid,0
T005374,V0442,2026-04-22,1607.97,Paid,0
T005375,V0382,2026-02-06,1432.75,Paid,0
T005376,V0201,2025-12-28,4206.45,Paid,0
T005377,V0012,2025-11-23,16386.37,Paid,0
T005378,V0386,2026-01-18,2810.74,Paid,0
T005379,V0198,2025-09-11,106221.44,Paid,0
T005380,V0407,2025-09-04,4746.63,Paid,0
T005381,V0458,2025-10-19,12625.46,Pending,0
T005382,V0186,2026-03-07,1325.87,Paid,0
T005383,V0353,2025-12-12,14279.74,Pending,0
T005384,V0019,2026-03-22,1948.21,Paid,0
T005385,V0073,2026-06-10,9784.97,Paid,0
T005386,V0262,2025-09-01,6113.75,Paid,0
T005387,V0314,2025-10-08,490.13,Paid,0
T005388,V0488,2026-02-19,4085.22,Paid,0
T005389,V0043,2025-09-27,4475.51,Paid,0
T005390,V0314,2026-05-06,4177.64,Disputed,0
T005391,V0083,2025-09-06,27547.39,Paid,0
T005392,V0067,2026-04-14,640.46,Paid,1
T005393,V0293,2025-11-23,2394.68,Paid,0
T005394,V0049,2026-05-24,2451.72,Paid,0
T005395,V0096,2025-10-30,9383.41,Paid,0
T005396,V0384,2026-02-03,94137.23,Paid,0
T005397,V0382,2025-11-08,4028.82,Paid,0
T005398,V0475,2025-08-18,1642.82,Paid,0
T005399,V0240,2026-04-11,546.2,Paid,0
T005400,V0318,2025-12-24,7533.87,Pending,0
T005401,V0073,2025-09-06,1751.53,Paid,0
T005402,V0136,2025-09-03,1182.07,Paid,0
T005403,V0234,2026-02-18,1679.32,Paid,0
T005404,V0055,2026-06-02,22960.32,Paid,0
T005405,V0480,2025-11-21,5493.58,Paid,0
T005406,V0098,2026-03-28,14626.93,Paid,0
T005407,V0153,2025-09-28,29438.95,Pending,0
T005408,V0321,2026-06-19,805.83,Paid,0
T005409,V0386,2026-02-28,871.92,Paid,0
T005410,V0126,2026-06-14,7746.06,Paid,0
T005411,V0028,2025-09-14,2994.72,Paid,0
T005412,V0331,2026-02-27,6709.68,Paid,0
T005413,V0232,2026-03-25,7510.38,Paid,0
T005414,V0404,2026-02-07,1529.07,Pending,0
T005415,V0446,2026-04-19,1108.74,Paid,0
T005416,V0403,2026-04-25,599.37,Paid,0
T005417,V0488,2026-05-19,1651.81,Paid,0
T005418,V0110,2026-03-10,4664.16,Paid,0
T005419,V0469,2026-04-24,884.64,Disputed,0
T005420,V0484,2026-05-14,83022.18,Paid,0
T005421,V0284,2026-05-17,25980.71,Paid,0
T005422,V0282,2026-05-26,1341.09,Paid,0
T005423,V0214,2026-05-01,703.02,Paid,0
T005424,V0444,2026-04-24,72188.68,Paid,0
T005425,V0051,2026-05-19,20720.13,Paid,0
T005426,V0005,2025-06-30,19694.7,Paid,0
T005427,V0461,2025-10-01,992.93,Paid,0
T005428,V0329,2025-11-27,6996.96,Paid,0
T005429,V0318,2025-11-29,12671.37,Disputed,0
T005430,V0059,2026-02-18,910.67,Paid,0
T005431,V0335,2025-10-19,15949.09,Paid,0
T005432,V0119,2026-02-06,3745.57,Paid,0
T005433,V0109,2025-11-05,19551.09,Paid,0
T005434,V0341,2025-08-04,8443.34,Paid,0
T005435,V0245,2025-08-07,13227.09,Paid,0
T005436,V0490,2026-01-27,5944.65,Disputed,0
T005437,V0202,2026-06-27,4827.81,Paid,0
T005438,V0460,2025-08-15,3325.83,Paid,0
T005439,V0189,2026-01-15,2872.93,Disputed,0
T005440,V0026,2025-10-19,24213.11,Paid,0
T005441,V0273,2026-02-13,27994.56,Paid,1
T005442,V0383,2025-07-28,7861.51,Paid,0
T005443,V0153,2026-02-21,15053.09,Paid,0
T005444,V0495,2025-08-05,1444.96,Paid,0
T005445,V0404,2026-05-07,1492.01,Paid,0
T005446,V0294,2026-01-18,3895.45,Paid,0
T005447,V0445,2025-07-19,6081.87,Paid,0
T005448,V0456,2026-01-21,7759.34,Pending,0
T005449,V0406,2025-07-27,3402.42,Paid,0
T005450,V0237,2026-06-29,1505.38,Paid,0
T005451,V0457,2025-10-08,87088.17,Paid,0
T005452,V0344,2026-05-19,1732.79,Paid,0
T005453,V0322,2025-09-21,23782.91,Paid,0
T005454,V0226,2026-02-20,4537.88,Paid,0
T005455,V0300,2026-06-30,16893.31,Paid,0
T005456,V0472,2026-05-05,1500.25,Paid,0
T005457,V0361,2026-04-07,4652.01,Paid,0
T005458,V0398,2026-06-21,13251.82,Paid,0
T005459,V0100,2026-02-26,18169.31,Paid,0
T005460,V0389,2026-04-05,15677.83,Paid,0
T005461,V0355,2025-09-07,5304.77,Paid,0
T005462,V0370,2026-04-28,2693.62,Paid,0
T005463,V0465,2026-01-02,1835.7,Paid,0
T005464,V0186,2025-09-04,9672.69,Paid,0
T005465,V0460,2026-02-08,165.8,Paid,0
T005466,V0399,2026-06-30,14919.87,Pending,0
T005467,V0270,2026-05-09,4874.41,Paid,0
T005468,V0464,2026-05-02,8194.19,Paid,0
T005469,V0341,2025-12-05,26361.92,Paid,0
T005470,V0165,2025-07-17,4325.58,Paid,0
T005471,V0006,2025-08-31,8698.13,Pending,0
T005472,V0246,2025-12-08,3507.09,Paid,0
T005473,V0014,2026-06-11,14576.25,Paid,1
T005474,V0288,2026-05-24,7489.94,Paid,0
T005475,V0412,2025-11-10,1723.83,Paid,0
T005476,V0416,2026-04-06,28368.3,Paid,0
T005477,V0152,2026-01-14,11304.18,Paid,0
T005478,V0228,2026-02-11,1393.71,Paid,0
T005479,V0246,2026-04-21,14927.99,Pending,0
T005480,V0221,2025-09-25,4976.61,Paid,0
T005481,V0112,2026-03-05,1606.08,Paid,0
T005482,V0161,2025-07-25,2955.78,Paid,0
T005483,V0466,2026-05-20,2762.16,Paid,0
T005484,V0039,2025-11-15,2117.73,Disputed,0
T005485,V0210,2026-01-09,11490.41,Paid,0
T005486,V0225,2025-11-29,4308.49,Paid,0
T005487,V0315,2026-02-10,10293.47,Paid,0
T005488,V0260,2026-04-30,9628.53,Paid,0
T005489,V0060,2025-11-02,394.45,Disputed,0
T005490,V0136,2026-05-03,1807.69,Paid,0
T005491,V0129,2026-03-01,4548.85,Paid,0
T005492,V0073,2025-10-21,5103.07,Paid,0
T005493,V0418,2025-08-06,530.73,Paid,0
T005494,V0171,2026-01-07,4298.65,Disputed,0
T005495,V0065,2025-10-03,687.77,Paid,0
T005496,V0282,2026-01-02,2288.41,Paid,0
T005497,V0142,2025-12-02,20753.33,Paid,0
T005498,V0446,2026-02-25,6981.72,Paid,0
T005499,V0391,2026-01-24,3001.92,Paid,0
T005500,V0366,2026-01-04,8202.35,Paid,0
T005501,V0344,2026-04-03,729.26,Paid,0
T005502,V0374,2026-06-25,4759.93,Paid,1
T005503,V0323,2025-12-13,9356.46,Paid,0
T005504,V0360,2026-02-28,43222.26,Paid,0
T005505,V0302,2026-02-25,3811.56,Paid,0
T005506,V0445,2026-02-08,20154.85,Paid,0
T005507,V0256,2026-03-14,34342.97,Disputed,0
T005508,V0339,2025-07-23,4199.21,Pending,0
T005509,V0459,2025-07-13,4093.02,Pending,0
T005510,V0208,2025-12-29,853.21,Paid,0
T005511,V0009,2025-12-17,11892.32,Paid,0
T005512,V0062,2025-08-03,4249.84,Paid,0
T005513,V0491,2026-02-11,3021.07,Paid,0
T005514,V0434,2026-04-09,4453.28,Paid,0
T005515,V0004,2026-03-10,2700.61,Paid,0
T005516,V0002,2026-01-02,1478.17,Paid,0
T005517,V0224,2026-03-24,824.32,Paid,0
T005518,V0380,2026-06-22,28235.4,Pending,0
T005519,V0210,2026-05-06,3834.24,Paid,0
T005520,V0163,2026-01-14,6343.27,Paid,0
T005521,V0094,2026-03-04,30614.47,Paid,0
T005522,V0450,2026-04-11,10223.19,Paid,0
T005523,V0088,2025-12-05,739.37,Paid,0
T005524,V0454,2026-02-03,13960.09,Paid,0
T005525,V0272,2025-10-18,11903.36,Paid,0
T005526,V0478,2026-03-21,29328.75,Paid,0
T005527,V0218,2025-12-19,7477.58,Paid,0
T005528,V0479,2025-12-26,6499.3,Pending,0
T005529,V0405,2025-12-14,344.05,Paid,0
T005530,V0328,2026-06-07,29686.07,Paid,0
T005531,V0007,2025-11-27,945.98,Paid,0
T005532,V0334,2026-05-10,80217.39,Paid,1
T005533,V0167,2026-03-27,4189.37,Paid,0
T005534,V0185,2026-02-26,26303.05,Paid,1
T005535,V0407,2025-11-23,1003.63,Paid,0
T005536,V0060,2026-01-23,2672.13,Paid,0
T005537,V0421,2025-08-27,321.88,Disputed,0
T005538,V0046,2025-10-26,7053.22,Paid,0
T005539,V0183,2025-07-23,1792.82,Paid,0
T005540,V0301,2025-09-08,897.51,Pending,0
T005541,V0319,2026-06-14,562.68,Paid,0
T005542,V0333,2025-12-25,10168.36,Paid,0
T005543,V0404,2026-05-31,2742.92,Paid,0
T005544,V0446,2025-09-22,2449.94,Paid,0
T005545,V0249,2025-07-19,5291.83,Paid,0
T005546,V0396,2025-11-28,71984.87,Paid,0
T005547,V0447,2026-05-09,14514.89,Paid,0
T005548,V0312,2025-07-18,54292.53,Paid,0
T005549,V0465,2026-06-28,5774.33,Pending,0
T005550,V0282,2026-04-04,16850.77,Paid,0
T005551,V0054,2025-12-01,927.53,Paid,0
T005552,V0230,2025-10-15,43384.6,Paid,0
T005553,V0209,2026-03-30,16756.33,Paid,0
T005554,V0309,2025-08-24,12788.11,Paid,0
T005555,V0130,2025-12-13,1862.03,Paid,0
T005556,V0119,2025-08-26,1374.78,Paid,0
T005557,V0207,2026-04-29,4926.06,Paid,0
T005558,V0388,2026-04-25,2451.33,Paid,0
T005559,V0159,2026-03-07,435.04,Paid,0
T005560,V0062,2026-02-23,79752.63,Paid,0
T005561,V0254,2025-08-17,2070.06,Paid,0
T005562,V0428,2025-11-06,1460.91,Paid,0
T005563,V0135,2025-08-22,2841.29,Paid,0
T005564,V0338,2026-03-13,9629.03,Paid,0
T005565,V0306,2025-11-23,11725.24,Paid,0
T005566,V0294,2025-08-27,27603.98,Paid,0
T005567,V0425,2026-02-04,540.45,Paid,0
T005568,V0228,2025-11-03,130031.41,Paid,0
T005569,V0089,2026-02-28,13467.92,Paid,0
T005570,V0134,2025-11-15,8732.87,Paid,0
T005571,V0181,2025-12-21,2640.29,Pending,0
T005572,V0369,2025-09-16,13411.94,Paid,0
T005573,V0353,2025-12-31,460.35,Paid,0
T005574,V0477,2025-09-05,53977.64,Pending,0
T005575,V0174,2025-07-03,188.56,Paid,0
T005576,V0464,2025-11-17,10356.51,Paid,0
T005577,V0081,2026-02-26,907.38,Paid,0
T005578,V0340,2025-10-02,7920.09,Paid,0
T005579,V0401,2025-11-04,1013.24,Paid,0
T005580,V0450,2026-01-25,965.36,Paid,0
T005581,V0223,2026-05-10,2209.29,Paid,0
T005582,V0325,2025-11-26,19186.92,Paid,0
T005583,V0386,2025-11-27,6225.6,Paid,0
T005584,V0313,2025-10-07,11661.81,Paid,0
T005585,V0254,2025-09-18,13457.67,Paid,0
T005586,V0310,2025-07-02,21371.76,Paid,0
T005587,V0225,2026-05-26,4984.87,Paid,0
T005588,V0064,2026-06-30,9314.16,Paid,0
T005589,V0008,2025-12-21,544.38,Paid,0
T005590,V0335,2025-12-10,40817.62,Paid,0
T005591,V0009,2025-08-22,3498.23,Paid,0
T005592,V0217,2025-09-07,9803.76,Paid,0
T005593,V0271,2026-06-19,21605.45,Disputed,0
T005594,V0037,2025-08-25,1030.84,Paid,0
T005595,V0248,2026-04-04,22787.01,Paid,0
T005596,V0441,2025-12-09,6059.27,Paid,0
T005597,V0007,2026-03-13,3887.13,Paid,0
T005598,V0149,2026-01-19,85621.0,Paid,0
T005599,V0488,2026-03-10,6751.11,Pending,0
T005600,V0173,2025-08-22,10287.8,Pending,0
T005601,V0458,2026-02-03,12441.21,Paid,0
T005602,V0034,2025-07-30,5286.7,Paid,0
T005603,V0315,2026-04-23,4794.94,Paid,0
T005604,V0453,2026-03-25,445.0,Paid,0
T005605,V0095,2026-02-01,5585.4,Disputed,0
T005606,V0110,2026-01-30,8349.96,Paid,0
T005607,V0478,2025-09-21,38583.29,Paid,0
T005608,V0499,2026-02-17,1220.57,Paid,0
T005609,V0317,2025-07-05,118025.32,Paid,0
T005610,V0021,2026-03-03,8185.83,Paid,0
T005611,V0458,2026-05-30,3798.61,Paid,0
T005612,V0088,2025-08-01,1479.76,Pending,0
T005613,V0481,2025-09-27,2179.57,Paid,0
T005614,V0494,2025-12-14,2539.58,Pending,0
T005615,V0128,2026-04-07,86170.26,Paid,0
T005616,V0189,2025-11-26,2449.04,Paid,0
T005617,V0185,2026-05-03,1442.13,Paid,0
T005618,V0426,2026-04-19,10692.81,Paid,0
T005619,V0268,2025-10-31,4531.52,Paid,0
T005620,V0332,2025-07-08,6188.01,Paid,0
T005621,V0380,2026-03-12,6616.32,Paid,0
T005622,V0075,2025-08-17,6897.79,Paid,0
T005623,V0301,2026-06-26,4920.11,Paid,0
T005624,V0388,2026-01-07,13263.82,Paid,0
T005625,V0043,2025-12-06,3831.29,Paid,0
T005626,V0472,2025-10-14,415.29,Paid,0
T005627,V0142,2025-09-04,13911.52,Paid,0
T005628,V0195,2025-08-17,8284.92,Paid,0
T005629,V0239,2025-11-05,9759.22,Paid,0
T005630,V0307,2026-06-28,12398.35,Paid,0
T005631,V0120,2026-05-22,874.74,Paid,0
T005632,V0189,2025-08-13,4362.92,Paid,0
T005633,V0123,2026-05-29,6434.94,Paid,0
T005634,V0204,2026-01-28,2386.09,Paid,0
T005635,V0496,2025-10-06,2753.91,Paid,0
T005636,V0155,2026-04-22,619.99,Paid,0
T005637,V0066,2026-06-30,4768.03,Paid,0
T005638,V0253,2026-06-20,101974.59,Disputed,0
T005639,V0162,2026-03-26,1855.66,Pending,0
T005640,V0474,2026-03-25,10899.39,Paid,0
T005641,V0442,2025-11-04,1318.82,Paid,0
T005642,V0150,2026-06-24,14295.72,Paid,0
T005643,V0214,2026-02-10,32175.04,Paid,0
T005644,V0431,2026-06-30,1299.51,Paid,0
T005645,V0206,2026-05-01,3092.86,Paid,0
T005646,V0003,2025-10-06,28346.28,Paid,0
T005647,V0465,2025-08-14,4226.77,Pending,0
T005648,V0059,2025-08-22,10448.28,Pending,0
T005649,V0341,2026-03-24,12113.45,Paid,0
T005650,V0126,2025-12-09,4377.17,Paid,0
T005651,V0007,2025-07-15,32340.54,Paid,0
T005652,V0439,2025-09-04,56157.59,Pending,0
T005653,V0284,2025-09-14,3777.83,Paid,0
T005654,V0156,2026-06-03,115817.88,Paid,0
T005655,V0243,2025-12-09,70187.42,Paid,0
T005656,V0466,2026-03-27,1631.18,Paid,0
T005657,V0459,2025-11-27,2682.5,Pending,0
T005658,V0306,2025-12-25,7026.17,Paid,0
T005659,V0164,2025-09-13,2465.51,Pending,0
T005660,V0051,2026-02-06,11267.56,Paid,0
T005661,V0018,2025-12-12,8030.89,Pending,0
T005662,V0244,2026-05-30,1444.39,Paid,0
T005663,V0381,2025-10-31,81888.71,Paid,1
T005664,V0351,2025-07-23,10083.18,Paid,0
T005665,V0165,2026-02-16,9214.43,Paid,0
T005666,V0117,2025-07-07,828.58,Pending,0
T005667,V0143,2026-05-23,2322.06,Paid,0
T005668,V0360,2025-10-22,2006.95,Paid,0
T005669,V0128,2026-02-06,16179.59,Paid,0
T005670,V0396,2025-12-31,59326.68,Paid,0
T005671,V0131,2025-07-02,69490.71,Paid,1
T005672,V0168,2026-05-14,2769.05,Paid,0
T005673,V0378,2026-05-13,2251.12,Paid,0
T005674,V0481,2025-12-28,873.37,Paid,0
T005675,V0035,2026-03-28,618.39,Paid,0
T005676,V0204,2025-10-13,21384.67,Paid,0
T005677,V0040,2026-02-03,26454.07,Paid,0
T005678,V0371,2026-05-21,1082.78,Pending,0
T005679,V0014,2026-03-18,9157.15,Paid,0
T005680,V0391,2025-08-31,391.77,Pending,0
T005681,V0171,2026-05-04,704.25,Pending,0
T005682,V0108,2025-10-31,2904.95,Paid,0
T005683,V0363,2025-10-17,5270.84,Paid,0
T005684,V0218,2025-09-27,22250.65,Paid,0
T005685,V0098,2025-11-19,19725.91,Paid,0
T005686,V0104,2025-12-08,7872.7,Paid,0
T005687,V0465,2025-08-20,9072.51,Paid,0
T005688,V0095,2025-07-17,4058.32,Paid,0
T005689,V0333,2026-03-17,3712.72,Paid,0
T005690,V0026,2026-06-04,1908.41,Paid,0
T005691,V0169,2025-10-23,13427.22,Paid,0
T005692,V0281,2026-03-08,4592.35,Paid,0
T005693,V0152,2026-06-08,18625.48,Paid,0
T005694,V0077,2025-10-21,5610.54,Paid,0
T005695,V0464,2025-08-05,1719.29,Paid,0
T005696,V0338,2026-05-21,2544.93,Paid,0
T005697,V0445,2025-11-10,2866.72,Paid,0
T005698,V0417,2025-11-24,1959.59,Paid,0
T005699,V0439,2025-09-25,44649.54,Paid,0
T005700,V0165,2026-06-25,25485.45,Paid,0
T005701,V0369,2026-04-20,1585.53,Paid,0
T005702,V0007,2026-03-26,3634.87,Paid,0
T005703,V0116,2025-08-26,165.76,Paid,0
T005704,V0333,2025-07-27,5429.24,Paid,0
T005705,V0035,2026-01-06,1436.92,Paid,0
T005706,V0155,2025-11-15,15217.9,Paid,0
T005707,V0277,2025-07-01,660.01,Paid,0
T005708,V0380,2025-10-26,5520.06,Paid,0
T005709,V0344,2025-11-05,6617.88,Paid,0
T005710,V0158,2025-07-15,3701.95,Paid,0
T005711,V0468,2025-10-27,21618.23,Paid,0
T005712,V0438,2025-10-12,45962.19,Paid,0
T005713,V0262,2025-07-14,41486.13,Paid,0
T005714,V0265,2025-12-11,16050.12,Paid,0
T005715,V0284,2025-09-22,48417.1,Paid,0
T005716,V0036,2026-01-06,3822.09,Paid,0
T005717,V0485,2025-10-28,14117.49,Pending,0
T005718,V0032,2026-05-26,491.24,Paid,0
T005719,V0357,2025-08-16,6816.03,Paid,0
T005720,V0251,2025-10-13,150286.58,Paid,0
T005721,V0250,2026-03-09,4476.35,Paid,0
T005722,V0416,2026-04-01,24430.65,Paid,0
T005723,V0471,2026-01-05,5134.11,Paid,0
T005724,V0094,2025-11-15,3292.75,Paid,0
T005725,V0139,2026-03-01,1878.83,Paid,0
T005726,V0394,2026-02-02,7787.88,Pending,0
T005727,V0197,2026-02-10,30013.78,Paid,1
T005728,V0460,2025-07-17,8579.71,Disputed,0
T005729,V0012,2025-10-27,6042.0,Paid,0
T005730,V0436,2026-01-28,7921.82,Paid,0
T005731,V0165,2026-02-07,1203.71,Paid,0
T005732,V0369,2026-04-01,4107.15,Disputed,0
T005733,V0134,2025-07-28,81897.01,Disputed,0
T005734,V0472,2026-01-05,1898.49,Paid,0
T005735,V0090,2025-07-24,1078.52,Paid,0
T005736,V0377,2026-05-01,7685.44,Paid,0
T005737,V0453,2025-11-08,19473.74,Paid,0
T005738,V0323,2026-03-02,316.99,Paid,0
T005739,V0266,2025-11-08,5288.22,Paid,1
T005740,V0184,2025-11-05,7954.05,Paid,0
T005741,V0496,2026-03-31,15463.19,Paid,0
T005742,V0459,2026-04-08,6164.88,Paid,0
T005743,V0162,2026-02-12,4007.04,Paid,0
T005744,V0241,2026-05-04,3166.18,Paid,0
T005745,V0342,2025-08-23,15382.85,Paid,0
T005746,V0031,2026-04-11,9559.8,Paid,0
T005747,V0124,2025-08-24,3303.84,Pending,0
T005748,V0037,2026-03-11,1004.72,Paid,0
T005749,V0412,2026-03-04,117941.94,Paid,0
T005750,V0052,2026-05-16,123.83,Paid,0
T005751,V0235,2026-01-21,4533.23,Paid,0
T005752,V0212,2026-03-18,2131.99,Paid,0
T005753,V0188,2026-05-25,5569.87,Paid,0
T005754,V0044,2026-06-05,5566.48,Paid,0
T005755,V0046,2025-10-31,53098.78,Paid,0
T005756,V0349,2025-11-19,10863.96,Paid,0
T005757,V0368,2025-12-13,1761.64,Disputed,0
T005758,V0011,2025-07-02,6367.16,Paid,0
T005759,V0279,2025-11-07,17084.27,Paid,0
T005760,V0330,2025-11-25,12372.34,Paid,0
T005761,V0330,2026-03-01,15679.87,Paid,0
T005762,V0245,2026-01-30,4488.81,Paid,0
T005763,V0141,2025-09-13,2162.77,Paid,0
T005764,V0217,2025-09-02,34331.56,Paid,0
T005765,V0235,2026-02-06,130.78,Paid,0
T005766,V0042,2026-04-27,1595.74,Paid,0
T005767,V0130,2025-09-02,1627.17,Paid,0
T005768,V0223,2026-04-22,23295.47,Paid,1
T005769,V0439,2026-02-14,3000.73,Paid,0
T005770,V0224,2025-10-16,71253.21,Paid,0
T005771,V0213,2026-03-05,1029.65,Paid,0
T005772,V0495,2026-03-03,2099.15,Paid,0
T005773,V0484,2025-07-28,1234.21,Paid,0
T005774,V0044,2025-12-31,3165.8,Paid,0
T005775,V0426,2026-05-13,215568.0,Paid,0
T005776,V0068,2026-01-05,2398.23,Pending,0
T005777,V0137,2026-04-07,2130.2,Paid,0
T005778,V0243,2026-01-15,8321.82,Paid,0
T005779,V0498,2025-10-02,41904.26,Pending,0
T005780,V0241,2025-09-04,6180.25,Paid,0
T005781,V0293,2025-12-14,157741.42,Pending,0
T005782,V0285,2026-04-23,9023.52,Paid,0
T005783,V0474,2026-02-01,24950.23,Paid,0
T005784,V0238,2026-02-07,9207.65,Paid,0
T005785,V0395,2026-05-03,922.72,Disputed,0
T005786,V0309,2026-01-19,17634.94,Paid,0
T005787,V0400,2026-02-24,8809.34,Paid,0
T005788,V0148,2026-04-14,3795.83,Paid,0
T005789,V0412,2025-09-26,3111.12,Paid,0
T005790,V0038,2025-12-25,3517.66,Paid,0
T005791,V0073,2025-10-14,3083.27,Paid,1
T005792,V0154,2025-10-26,9208.59,Paid,0
T005793,V0145,2025-08-19,5640.99,Paid,0
T005794,V0181,2026-05-08,6688.67,Paid,0
T005795,V0154,2026-01-31,1056.28,Paid,0
T005796,V0223,2025-12-29,6244.21,Paid,0
T005797,V0415,2025-10-04,29537.04,Disputed,0
T005798,V0189,2026-05-04,16682.39,Paid,0
T005799,V0486,2025-11-25,29022.97,Paid,0
T005800,V0451,2026-06-11,35426.61,Paid,0
T005801,V0369,2026-03-02,925.89,Paid,0
T005802,V0377,2025-11-01,1215.96,Paid,0
T005803,V0041,2026-02-17,13022.42,Paid,0
T005804,V0486,2025-12-15,3226.97,Paid,0
T005805,V0143,2026-05-31,13222.74,Paid,0
T005806,V0239,2025-09-11,2770.23,Paid,0
T005807,V0302,2025-10-31,7180.27,Paid,0
T005808,V0088,2026-03-26,36824.13,Paid,0
T005809,V0255,2026-04-01,2369.81,Paid,0
T005810,V0195,2026-06-25,27937.67,Paid,0
T005811,V0094,2025-11-21,1206.06,Paid,0
T005812,V0026,2025-09-10,4418.25,Paid,0
T005813,V0412,2025-11-20,711.65,Disputed,0
T005814,V0093,2026-02-01,2461.31,Paid,0
T005815,V0114,2025-12-30,3056.5,Paid,0
T005816,V0033,2026-06-03,14433.79,Paid,0
T005817,V0116,2025-08-15,20660.95,Paid,0
T005818,V0367,2025-08-02,2522.68,Paid,0
T005819,V0213,2025-07-14,25525.32,Disputed,0
T005820,V0110,2026-02-17,4341.33,Paid,0
T005821,V0448,2025-07-02,2668.68,Paid,0
T005822,V0283,2026-05-11,248.09,Paid,0
T005823,V0001,2026-01-28,581.99,Paid,0
T005824,V0304,2026-02-03,21014.11,Disputed,0
T005825,V0128,2025-12-21,5466.8,Paid,0
T005826,V0033,2026-04-11,3223.63,Paid,0
T005827,V0036,2026-06-27,99973.89,Paid,0
T005828,V0209,2025-07-29,12520.79,Paid,0
T005829,V0410,2026-06-24,48322.77,Paid,0
T005830,V0026,2025-12-14,1518.48,Paid,0
T005831,V0163,2026-02-26,535.69,Paid,0
T005832,V0443,2025-11-10,13454.38,Paid,0
T005833,V0355,2026-03-13,3908.07,Paid,0
T005834,V0437,2025-11-09,11603.23,Paid,0
T005835,V0494,2026-04-10,4871.79,Pending,0
T005836,V0022,2026-04-11,1034.86,Pending,0
T005837,V0167,2025-07-23,575.93,Paid,0
T005838,V0143,2025-09-08,253083.38,Paid,0
T005839,V0253,2026-05-18,115942.52,Paid,0
T005840,V0117,2026-02-09,16109.12,Pending,0
T005841,V0211,2026-03-18,1036.41,Paid,0
T005842,V0074,2025-11-07,7702.2,Pending,0
T005843,V0003,2026-02-12,466.78,Paid,0
T005844,V0185,2026-04-21,4016.43,Paid,0
T005845,V0403,2026-02-24,1822.23,Paid,0
T005846,V0063,2026-02-20,60171.44,Paid,1
T005847,V0353,2026-02-19,83360.91,Pending,1
T005848,V0284,2025-11-05,1674.69,Paid,0
T005849,V0053,2026-03-28,220384.98,Paid,0
T005850,V0220,2026-03-06,72670.19,Paid,0
T005851,V0154,2026-04-26,78469.15,Paid,1
T005852,V0057,2026-01-01,23374.17,Paid,0
T005853,V0489,2026-02-22,19413.18,Pending,0
T005854,V0348,2026-04-21,16554.64,Paid,0
T005855,V0434,2026-03-30,183.66,Paid,0
T005856,V0111,2026-01-28,5700.03,Paid,0
T005857,V0020,2025-08-04,18231.19,Paid,0
T005858,V0191,2025-12-19,59064.73,Paid,0
T005859,V0201,2026-02-09,3775.61,Paid,0
T005860,V0413,2025-12-24,5801.79,Paid,0
T005861,V0439,2025-07-27,1239.39,Paid,0
T005862,V0250,2025-10-04,6954.26,Paid,0
T005863,V0413,2026-04-07,3394.16,Paid,0
T005864,V0477,2026-02-22,4888.93,Pending,0
T005865,V0326,2025-11-24,3931.16,Paid,0
T005866,V0492,2025-10-31,36712.29,Paid,1
T005867,V0116,2026-06-24,6414.89,Paid,0
T005868,V0020,2026-01-12,98.93,Paid,0
T005869,V0320,2025-07-02,1860.58,Paid,0
T005870,V0426,2025-12-08,137305.79,Paid,0
T005871,V0065,2026-03-07,11838.77,Paid,0
T005872,V0135,2026-01-04,1567.05,Paid,0
T005873,V0165,2026-05-18,431.35,Paid,0
T005874,V0252,2025-12-15,2666.32,Paid,0
T005875,V0278,2025-11-21,1619.81,Paid,0
T005876,V0257,2025-12-13,16780.03,Paid,0
T005877,V0007,2026-01-05,3006.06,Paid,0
T005878,V0097,2025-12-15,1044.38,Paid,0
T005879,V0262,2026-02-27,1309.09,Disputed,0
T005880,V0319,2026-06-19,704.55,Paid,0
T005881,V0184,2025-08-16,59709.75,Paid,1
T005882,V0253,2025-11-09,6841.11,Disputed,0
T005883,V0035,2025-12-16,3173.39,Paid,0
T005884,V0396,2025-09-16,3953.29,Paid,0
T005885,V0288,2026-04-18,47579.71,Paid,0
T005886,V0429,2026-05-09,945.43,Paid,0
T005887,V0436,2025-10-12,7295.91,Paid,0
T005888,V0211,2025-07-23,4137.0,Paid,0
T005889,V0105,2026-03-01,6780.59,Disputed,0
T005890,V0036,2026-04-16,1521.39,Pending,0
T005891,V0221,2025-11-29,1441.05,Paid,0
T005892,V0337,2025-12-03,15487.39,Paid,0
T005893,V0216,2026-04-08,13236.06,Paid,0
T005894,V0056,2025-11-27,3391.39,Disputed,0
T005895,V0274,2026-02-14,9599.58,Paid,0
T005896,V0123,2026-06-09,34858.1,Paid,1
T005897,V0124,2025-10-21,12946.79,Paid,0
T005898,V0292,2026-01-13,10477.68,Paid,0
T005899,V0159,2025-11-02,21046.97,Paid,0
T005900,V0264,2025-12-02,3238.17,Paid,0
T005901,V0378,2025-09-20,4168.43,Paid,0
T005902,V0219,2025-10-11,3966.45,Disputed,0
T005903,V0100,2026-03-28,452.66,Disputed,0
T005904,V0104,2025-10-05,4425.24,Paid,0
T005905,V0087,2025-11-27,4488.66,Paid,0
T005906,V0269,2026-06-19,21505.83,Paid,0
T005907,V0097,2026-01-22,1150.15,Paid,0
T005908,V0333,2025-08-03,36316.16,Paid,0
T005909,V0194,2026-01-20,27241.66,Paid,0
T005910,V0465,2025-09-19,4748.51,Paid,0
T005911,V0088,2026-04-04,9542.22,Paid,0
T005912,V0280,2025-08-07,14156.86,Paid,0
T005913,V0341,2026-05-08,7977.48,Paid,0
T005914,V0064,2025-07-21,6601.99,Paid,0
T005915,V0317,2026-04-05,22476.07,Paid,0
T005916,V0272,2026-02-18,5586.72,Pending,0
T005917,V0460,2026-03-30,2171.95,Paid,0
T005918,V0194,2026-06-19,3348.89,Paid,0
T005919,V0052,2025-10-18,10727.89,Paid,0
T005920,V0153,2025-07-28,1480.91,Paid,0
T005921,V0351,2025-12-02,4880.34,Paid,0
T005922,V0269,2025-09-26,83843.9,Pending,0
T005923,V0124,2026-02-09,969.82,Paid,0
T005924,V0255,2025-07-11,2568.16,Paid,0
T005925,V0226,2025-10-10,10085.98,Disputed,0
T005926,V0431,2026-03-01,9523.76,Paid,0
T005927,V0309,2025-11-18,21909.08,Paid,0
T005928,V0500,2026-04-04,1706.13,Paid,0
T005929,V0443,2026-05-11,4468.46,Paid,0
T005930,V0008,2026-02-10,5858.95,Pending,0
T005931,V0392,2025-08-27,2363.53,Paid,0
T005932,V0060,2026-05-03,8388.33,Paid,0
T005933,V0176,2026-05-19,8631.87,Paid,0
T005934,V0217,2026-01-21,3711.5,Paid,0
T005935,V0238,2025-09-20,218.52,Paid,0
T005936,V0222,2026-06-06,925.73,Paid,0
T005937,V0265,2025-09-21,696.41,Paid,0
T005938,V0276,2026-03-26,2027.96,Paid,0
T005939,V0275,2026-06-06,17440.12,Paid,0
T005940,V0452,2025-11-06,3396.11,Paid,0
T005941,V0458,2026-02-05,2879.38,Paid,0
T005942,V0287,2025-12-06,623.85,Paid,0
T005943,V0396,2026-04-22,1894.68,Paid,0
T005944,V0332,2026-01-20,1124.21,Pending,0
T005945,V0326,2025-07-18,7063.15,Paid,0
T005946,V0291,2025-08-11,3781.74,Pending,0
T005947,V0159,2025-12-20,2594.95,Paid,0
T005948,V0138,2026-01-20,4764.33,Paid,0
T005949,V0412,2025-07-02,20780.58,Paid,0
T005950,V0341,2026-06-10,6266.27,Paid,0
T005951,V0423,2025-10-09,2179.24,Paid,0
T005952,V0397,2026-01-20,5924.46,Paid,0
T005953,V0273,2026-06-12,24807.63,Paid,0
T005954,V0254,2025-08-16,2568.63,Paid,0
T005955,V0404,2025-11-08,128.55,Paid,0
T005956,V0212,2025-12-20,1075.91,Paid,0
T005957,V0434,2025-12-10,24055.94,Paid,0
T005958,V0135,2025-08-09,892.09,Paid,0
T005959,V0294,2025-12-27,42165.41,Paid,0
T005960,V0307,2026-05-23,32798.52,Pending,0
T005961,V0096,2025-07-30,2647.08,Paid,0
T005962,V0493,2026-03-28,176428.74,Paid,0
T005963,V0413,2025-08-19,79.35,Paid,0
T005964,V0338,2025-11-03,8025.03,Paid,0
T005965,V0397,2025-11-24,264.95,Paid,0
T005966,V0159,2025-12-23,12163.33,Pending,0
T005967,V0355,2026-05-25,425.51,Paid,0
T005968,V0468,2026-05-13,3958.84,Paid,0
T005969,V0109,2026-06-03,10221.64,Paid,0
T005970,V0322,2026-06-02,7445.01,Disputed,0
T005971,V0315,2026-03-17,757.08,Paid,0
T005972,V0068,2025-08-31,1770.21,Paid,0
T005973,V0310,2026-02-25,6798.39,Paid,1
T005974,V0294,2026-04-16,106892.29,Paid,0
T005975,V0180,2026-01-09,3270.74,Paid,0
T005976,V0147,2025-10-12,19710.36,Paid,0
T005977,V0014,2026-03-20,15007.07,Paid,0
T005978,V0376,2025-10-30,8607.81,Paid,0
T005979,V0231,2026-04-02,28034.32,Paid,0
T005980,V0011,2026-02-26,513.11,Paid,0
T005981,V0084,2025-08-06,24354.3,Paid,0
T005982,V0078,2025-08-17,49921.87,Paid,0
T005983,V0254,2026-04-09,4994.14,Disputed,0
T005984,V0027,2026-03-06,3443.1,Paid,0
T005985,V0327,2026-01-21,26612.02,Paid,0
T005986,V0092,2025-11-07,15307.68,Paid,0
T005987,V0002,2026-03-10,6435.89,Paid,0
T005988,V0263,2026-05-14,8998.57,Paid,0
T005989,V0340,2025-12-15,807.2,Paid,0
T005990,V0200,2026-04-15,2533.4,Paid,0
T005991,V0301,2026-04-05,30266.57,Paid,0
T005992,V0270,2025-09-22,3706.54,Paid,0
T005993,V0412,2025-12-27,448.82,Paid,0
T005994,V0476,2025-11-22,2571.99,Disputed,0
T005995,V0491,2025-08-19,2984.05,Disputed,0
T005996,V0037,2026-05-27,549.36,Paid,0
T005997,V0110,2026-05-24,1886.95,Pending,0
T005998,V0316,2026-02-01,2245.32,Paid,0
T005999,V0411,2025-07-10,11257.76,Paid,0
T006000,V0313,2026-04-14,754.71,Pending,0
